lon,lat,reported_city,reported_county,records,first_date,last_date,coordinate_city,coordinate_county,coordinate_town,tools,source_site_2020,distance_reference_county,reported_county_distance_m,coordinate_county_boundary_distance_m,review_status
116.963,28.098,鹰潭市,月湖区,45,2021-01-25,2022-10-09,鹰潭市,贵溪市,龙虎山镇,烟炉,,月湖区,8289.2,2464.9,distant_location_conflict
117.068,28.449,鹰潭市,月湖区,16,2023-01-22,2025-09-12,鹰潭市,贵溪市,塔桥园艺场,火箭弹,,月湖区,16081.5,3060.6,distant_location_conflict
116.959,28.098,鹰潭市,月湖区,12,2022-10-27,2025-07-18,鹰潭市,贵溪市,龙虎山镇,烟炉,,月湖区,8414.8,2536.8,distant_location_conflict
117.033,27.987,鹰潭市,月湖区,8,2024-07-28,2025-01-31,鹰潭市,贵溪市,上清镇,烟炉,,月湖区,20676.2,736.5,distant_location_conflict
117.08,28.449,鹰潭市,月湖区,8,2022-01-05,2022-08-04,鹰潭市,贵溪市,塔桥园艺场,火箭弹,,月湖区,16065.6,3010.8,distant_location_conflict
118.026,28.132,上饶市,信州区,6,2023-07-15,2023-07-23,上饶市,上饶县,五府山镇,火箭弹,,信州区,27791.6,5583.4,distant_location_conflict
115.961,28.241,宜春市,上高县,5,2022-09-14,2022-11-16,宜春市,丰城市,白土镇,火箭弹,,上高县,78524.3,4183.1,distant_location_conflict
117.16,27.992,鹰潭市,月湖区,5,2024-08-04,2025-07-08,鹰潭市,贵溪市,耳口乡,烟炉,,月湖区,24403.3,9356.6,distant_location_conflict
116.942,28.069,鹰潭市,月湖区,3,2022-08-10,2024-08-06,鹰潭市,贵溪市,龙虎山镇,火箭弹,,月湖区,12013.5,205.9,distant_location_conflict
117.533,29.292,上饶市,德兴市,3,2022-07-17,2022-10-09,上饶市,婺源县,赋春镇,火箭弹,,德兴市,25400.3,7654.3,distant_location_conflict
114.286,29.191,九江市,武宁县,2,2022-08-18,2022-10-27,九江市,修水县,溪口镇,火箭弹,,武宁县,18240.6,6412.3,distant_location_conflict
115.69278,26.80639,赣州,兴国,2,2020-11-22,2020-11-30,赣州市,宁都县,大沽乡,碘化银地面发生器,方山岭360732013,兴国,14512.4,268.8,distant_location_conflict
114.18306,26.4,吉安,永新,1,2020-09-09,2020-09-09,吉安市,井冈山市,长坪乡,火箭,临时360830010,永新,36007.0,1574.4,distant_location_conflict
114.67472,26.6175,吉安,遂川,1,2020-07-09,2020-07-09,吉安市,万安县,韶口乡,碘化银地面发生器,佛祖仙岭360827009,遂川,10646.3,4526.9,distant_location_conflict
115.25583,26.83583,吉安,永新,1,2020-12-29,2020-12-29,吉安市,青原区,富田镇,碘化银地面发射器,万年山360830100,永新,77213.8,3540.0,distant_location_conflict
116.359,28.319,南昌市,安义县,1,2021-02-03,2021-02-03,南昌市,进贤县,下埠集乡,火箭弹,,安义县,81980.4,7931.3,distant_location_conflict
117.047,27.987,鹰潭市,月湖区,1,2021-06-18,2021-06-18,鹰潭市,贵溪市,上清镇,火箭弹,,月湖区,21011.1,1247.0,distant_location_conflict
117.074,27.994,鹰潭市,月湖区,1,2025-08-27,2025-08-27,鹰潭市,贵溪市,上清镇,火箭弹,,月湖区,21095.9,3568.1,distant_location_conflict
117.133,29.467,景德镇市,昌江区,1,2022-07-17,2022-07-17,景德镇市,浮梁县,黄坛乡,火箭弹,,昌江区,16118.2,7324.9,distant_location_conflict
117.522,28.272,上饶市,广信区,1,2022-07-30,2022-07-30,上饶市,铅山县,汪二镇,火箭弹,,广信区,21968.2,3590.1,distant_location_conflict
117.575,28.205,上饶市,广信区,1,2022-08-25,2022-08-25,上饶市,铅山县,汪二镇,火箭弹,,广信区,20434.7,6584.3,distant_location_conflict
115.675,28.792,南昌市,安义县,217,2021-01-06,2025-10-21,南昌市,湾里区,太平镇,烟炉,,安义县,1299.0,1299.0,near_boundary_review
115.192,29.492,九江市,武宁县,48,2021-01-21,2025-09-10,九江市,瑞昌市,乐园乡,烟炉,,武宁县,170.6,170.6,near_boundary_review
115.014,25.758,赣州市,赣县区,33,2022-08-01,2025-10-20,赣州市,章贡区,沙石镇,烟炉,,赣县区,644.5,644.5,near_boundary_review
115.895,29.704,九江市,濂溪区,29,2022-01-04,2025-10-20,九江市,九江县,赛城湖水产场,火箭弹,,庐山区,1372.8,1372.8,near_boundary_review
113.86,27.58,萍乡市,湘东区,27,2022-01-16,2024-12-11,萍乡市,安源区,五陂镇,火箭弹,,湘东区,2696.1,2462.0,near_boundary_review
115.247,27.079,吉安市,青原区,23,2025-01-25,2025-10-21,吉安市,吉水县,水南镇,烟炉,,青原区,3090.7,3090.7,near_boundary_review
117.056,28.299,鹰潭市,月湖区,20,2022-08-17,2025-10-13,鹰潭市,贵溪市,江北街道,火箭弹,,月湖区,278.4,278.4,near_boundary_review
115.523,26.217,赣州市,于都县,8,2024-10-15,2025-09-20,赣州市,兴国县,杰村乡,烟炉,,于都县,86.9,86.9,near_boundary_review
114.752,29.084,九江市,武宁县,7,2022-08-18,2025-08-13,九江市,修水县,庙岭乡,火箭弹,,武宁县,4720.9,4720.9,near_boundary_review
115.95167,27.56778,抚州,崇仁,7,2020-01-14,2020-09-04,抚州市,乐安县,公溪镇,碘化银地面发生器,相山361024012,崇仁,71.2,71.2,near_boundary_review
117.03,28.175,鹰潭市,月湖区,6,2022-08-28,2022-10-08,鹰潭市,贵溪市,天禄镇,火箭弹,,月湖区,1255.2,1255.2,near_boundary_review
117.023,28.175,鹰潭市,月湖区,5,2022-10-25,2024-08-17,鹰潭市,贵溪市,天禄镇,火箭弹,,月湖区,760.6,760.6,near_boundary_review
113.73,27.65,萍乡市,安源区,2,2022-10-27,2023-07-18,萍乡市,湘东区,湘东镇,火箭弹,政府河洲村水务局360313004 | 湘东区政府河洲村360313004,安源区,3807.3,3807.3,near_boundary_review
114.746,27.747,新余市,渝水区,2,2024-09-10,2024-10-14,新余市,分宜县,东坑林场,火箭弹,,渝水区,1294.9,1294.9,near_boundary_review
118.18694,28.23694,上饶,广丰,2,2020-08-21,2020-11-23,上饶市,上饶县,花厅镇,碘化银地面发生器,铜钹山361122021,广丰,55.1,55.1,near_boundary_review
117.241,29.31,景德镇市,浮梁县,1,2022-07-26,2022-07-26,景德镇市,珠山区,竟成镇,火箭弹,,浮梁县,3207.3,2536.7,near_boundary_review
117.08,28.449,鹰潭市,中华人民共和国,14,2021-01-06,2021-12-25,鹰潭市,贵溪市,塔桥园艺场,火箭弹,,中华人民共和国,,3010.8,reported_area_not_matched
117.03333,27.98667,鹰潭,市区,10,2020-01-07,2020-09-04,鹰潭市,贵溪市,上清镇,碘化银地面发生器,天门山360602008,市区,,703.7,reported_area_not_matched
117.06778,28.44861,鹰潭市,鹰潭,5,2020-08-26,2020-12-29,鹰潭市,贵溪市,塔桥园艺场,火箭,塔桥360602006,鹰潭,,3105.0,reported_area_not_matched
115.895,29.70417,九江,九江市区,4,2020-09-14,2020-12-01,九江市,九江县,赛城湖水产场,火箭,八里湖新区360401003 | 临时点360401003 | 360401003,九江市区,,1382.4,reported_area_not_matched
114.38639,27.76,宜春市,市区,3,2020-01-16,2020-08-25,宜春市,袁州区,珠泉街道,火箭,南庙镇梅花村360902013,市区,,13880.2,reported_area_not_matched
115.895,29.70417,九江,市区,3,2020-01-07,2020-12-13,九江市,九江县,赛城湖水产场,火箭,八里湖新区360401003 | 临时点360401003 | 360401003,市区,,1382.4,reported_area_not_matched
115.895,29.70417,九江,九江市,2,2020-10-16,2020-11-16,九江市,九江县,赛城湖水产场,火箭,八里湖新区360401003 | 临时点360401003 | 360401003,九江市,,1382.4,reported_area_not_matched
113.89,27.64,萍乡 ,城区,1,2020-09-26,2020-09-26,萍乡市,安源区,白源街街道,火箭,城东飞碟厂360302002,城区,,2644.5,reported_area_not_matched
114.95,27.88333,新余市,新余市本级,1,2020-01-16,2020-01-16,新余市,渝水区,下村镇,火箭,下村镇狮子口水库坝下360502007 | 狮子口水库坝下360502007 | 新余狮子口水库坝下360502007,新余市本级,,14149.1,reported_area_not_matched
114.99111,25.73667,赣州,市区,1,2020-01-07,2020-01-07,赣州市,章贡区,沙石镇,碘化银地面发生器,峰山360702015 | 峰山国家森林公园360702015,市区,,1151.9,reported_area_not_matched
115.895,29.70417,九江,九江,1,2020-12-29,2020-12-29,九江市,九江县,赛城湖水产场,火箭,八里湖新区360401003 | 临时点360401003 | 360401003,九江,,1382.4,reported_area_not_matched
117.06778,28.44861,鹰潭市,市区,1,2020-08-25,2020-08-25,鹰潭市,贵溪市,塔桥园艺场,火箭,塔桥360602006,市区,,3105.0,reported_area_not_matched
117.97722,28.44278,上饶,市区,1,2020-01-07,2020-01-07,上饶市,信州区,水南街道,火箭,茅家岭乡361102004 | 文笔峰360402004,市区,,3072.5,reported_area_not_matched
117.97722,28.44278,上饶市,市区,1,2020-09-13,2020-09-13,上饶市,信州区,水南街道,火箭,茅家岭乡361102004 | 文笔峰360402004,市区,,3072.5,reported_area_not_matched
