cell_id,cell_y,cell_x
0_14,0,14
0_15,0,15
0_16,0,16
0_21,0,21
0_40,0,40
0_41,0,41
0_42,0,42
1_13,1,13
1_14,1,14
1_15,1,15
1_16,1,16
1_17,1,17
1_18,1,18
1_19,1,19
1_20,1,20
1_21,1,21
1_24,1,24
1_40,1,40
1_41,1,41
1_42,1,42
1_43,1,43
1_44,1,44
2_12,2,12
2_13,2,13
2_14,2,14
2_15,2,15
2_16,2,16
2_17,2,17
2_18,2,18
2_19,2,19
2_20,2,20
2_21,2,21
2_22,2,22
2_23,2,23
2_24,2,24
2_25,2,25
2_38,2,38
2_39,2,39
2_40,2,40
2_41,2,41
2_42,2,42
2_43,2,43
3_10,3,10
3_11,3,11
3_12,3,12
3_13,3,13
3_14,3,14
3_15,3,15
3_16,3,16
3_17,3,17
3_18,3,18
3_19,3,19
3_20,3,20
3_21,3,21
3_22,3,22
3_23,3,23
3_24,3,24
3_25,3,25
3_26,3,26
3_27,3,27
3_29,3,29
3_38,3,38
3_39,3,39
3_40,3,40
3_41,3,41
3_42,3,42
3_43,3,43
4_10,4,10
4_11,4,11
4_12,4,12
4_13,4,13
4_14,4,14
4_15,4,15
4_16,4,16
4_17,4,17
4_18,4,18
4_19,4,19
4_20,4,20
4_21,4,21
4_22,4,22
4_23,4,23
4_24,4,24
4_25,4,25
4_26,4,26
4_27,4,27
4_28,4,28
4_29,4,29
4_30,4,30
4_31,4,31
4_37,4,37
4_38,4,38
4_39,4,39
4_40,4,40
4_41,4,41
4_42,4,42
4_43,4,43
5_12,5,12
5_13,5,13
5_14,5,14
5_15,5,15
5_16,5,16
5_17,5,17
5_18,5,18
5_19,5,19
5_20,5,20
5_21,5,21
5_22,5,22
5_23,5,23
5_24,5,24
5_25,5,25
5_26,5,26
5_27,5,27
5_28,5,28
5_29,5,29
5_30,5,30
5_31,5,31
5_32,5,32
5_33,5,33
5_34,5,34
5_36,5,36
5_37,5,37
5_38,5,38
5_39,5,39
5_40,5,40
5_41,5,41
5_42,5,42
6_13,6,13
6_14,6,14
6_15,6,15
6_16,6,16
6_17,6,17
6_18,6,18
6_19,6,19
6_20,6,20
6_21,6,21
6_22,6,22
6_23,6,23
6_24,6,24
6_25,6,25
6_26,6,26
6_27,6,27
6_28,6,28
6_29,6,29
6_30,6,30
6_31,6,31
6_32,6,32
6_33,6,33
6_34,6,34
6_35,6,35
6_36,6,36
6_37,6,37
6_38,6,38
6_39,6,39
6_40,6,40
6_41,6,41
6_42,6,42
7_13,7,13
7_14,7,14
7_15,7,15
7_16,7,16
7_17,7,17
7_18,7,18
7_19,7,19
7_20,7,20
7_21,7,21
7_22,7,22
7_23,7,23
7_24,7,24
7_25,7,25
7_26,7,26
7_27,7,27
7_28,7,28
7_29,7,29
7_30,7,30
7_31,7,31
7_32,7,32
7_33,7,33
7_34,7,34
7_35,7,35
7_36,7,36
7_37,7,37
7_38,7,38
7_39,7,39
7_40,7,40
7_41,7,41
7_42,7,42
7_43,7,43
7_44,7,44
8_14,8,14
8_15,8,15
8_16,8,16
8_17,8,17
8_18,8,18
8_19,8,19
8_20,8,20
8_21,8,21
8_22,8,22
8_23,8,23
8_24,8,24
8_25,8,25
8_26,8,26
8_27,8,27
8_28,8,28
8_29,8,29
8_30,8,30
8_31,8,31
8_32,8,32
8_33,8,33
8_34,8,34
8_35,8,35
8_36,8,36
8_37,8,37
8_38,8,38
8_39,8,39
8_40,8,40
8_41,8,41
8_42,8,42
8_43,8,43
8_44,8,44
8_45,8,45
9_14,9,14
9_15,9,15
9_16,9,16
9_17,9,17
9_18,9,18
9_19,9,19
9_20,9,20
9_21,9,21
9_22,9,22
9_23,9,23
9_24,9,24
9_25,9,25
9_26,9,26
9_27,9,27
9_28,9,28
9_29,9,29
9_30,9,30
9_31,9,31
9_32,9,32
9_33,9,33
9_34,9,34
9_35,9,35
9_36,9,36
9_37,9,37
9_38,9,38
9_39,9,39
9_40,9,40
9_41,9,41
9_42,9,42
9_43,9,43
9_44,9,44
9_45,9,45
10_15,10,15
10_16,10,16
10_17,10,17
10_18,10,18
10_19,10,19
10_20,10,20
10_21,10,21
10_22,10,22
10_23,10,23
10_24,10,24
10_25,10,25
10_26,10,26
10_27,10,27
10_28,10,28
10_29,10,29
10_30,10,30
10_31,10,31
10_32,10,32
10_33,10,33
10_34,10,34
10_35,10,35
10_36,10,36
10_37,10,37
10_38,10,38
10_39,10,39
10_40,10,40
10_41,10,41
10_42,10,42
10_43,10,43
10_44,10,44
10_45,10,45
11_16,11,16
11_17,11,17
11_18,11,18
11_19,11,19
11_20,11,20
11_21,11,21
11_22,11,22
11_23,11,23
11_24,11,24
11_25,11,25
11_26,11,26
11_27,11,27
11_28,11,28
11_29,11,29
11_30,11,30
11_31,11,31
11_32,11,32
11_33,11,33
11_34,11,34
11_35,11,35
11_36,11,36
11_37,11,37
11_38,11,38
11_39,11,39
11_40,11,40
11_41,11,41
11_42,11,42
11_43,11,43
11_44,11,44
11_45,11,45
12_17,12,17
12_18,12,18
12_19,12,19
12_20,12,20
12_21,12,21
12_22,12,22
12_23,12,23
12_24,12,24
12_25,12,25
12_26,12,26
12_27,12,27
12_28,12,28
12_29,12,29
12_30,12,30
12_31,12,31
12_32,12,32
12_33,12,33
12_34,12,34
12_35,12,35
12_36,12,36
12_37,12,37
12_38,12,38
12_39,12,39
12_40,12,40
12_41,12,41
12_42,12,42
12_43,12,43
12_44,12,44
12_45,12,45
13_18,13,18
13_19,13,19
13_20,13,20
13_21,13,21
13_22,13,22
13_23,13,23
13_24,13,24
13_25,13,25
13_26,13,26
13_27,13,27
13_28,13,28
13_29,13,29
13_30,13,30
13_31,13,31
13_32,13,32
13_33,13,33
13_34,13,34
13_35,13,35
13_36,13,36
13_37,13,37
13_38,13,38
13_39,13,39
13_40,13,40
13_41,13,41
13_42,13,42
13_43,13,43
13_44,13,44
13_45,13,45
14_21,14,21
14_22,14,22
14_23,14,23
14_24,14,24
14_25,14,25
14_26,14,26
14_27,14,27
14_28,14,28
14_29,14,29
14_30,14,30
14_31,14,31
14_32,14,32
14_33,14,33
14_34,14,34
14_35,14,35
14_36,14,36
14_37,14,37
14_38,14,38
14_39,14,39
14_40,14,40
14_41,14,41
14_42,14,42
14_43,14,43
14_44,14,44
14_45,14,45
15_20,15,20
15_21,15,21
15_22,15,22
15_23,15,23
15_24,15,24
15_25,15,25
15_26,15,26
15_27,15,27
15_28,15,28
15_29,15,29
15_30,15,30
15_31,15,31
15_32,15,32
15_33,15,33
15_34,15,34
15_35,15,35
15_36,15,36
15_37,15,37
15_38,15,38
15_39,15,39
15_40,15,40
15_41,15,41
15_42,15,42
15_43,15,43
15_44,15,44
15_45,15,45
16_21,16,21
16_22,16,22
16_23,16,23
16_24,16,24
16_25,16,25
16_26,16,26
16_27,16,27
16_28,16,28
16_29,16,29
16_30,16,30
16_31,16,31
16_32,16,32
16_33,16,33
16_34,16,34
16_35,16,35
16_36,16,36
16_37,16,37
16_38,16,38
16_39,16,39
16_40,16,40
16_41,16,41
16_42,16,42
16_43,16,43
16_44,16,44
16_45,16,45
16_46,16,46
17_7,17,7
17_8,17,8
17_9,17,9
17_12,17,12
17_13,17,13
17_21,17,21
17_22,17,22
17_23,17,23
17_24,17,24
17_25,17,25
17_26,17,26
17_27,17,27
17_28,17,28
17_29,17,29
17_30,17,30
17_31,17,31
17_32,17,32
17_33,17,33
17_34,17,34
17_35,17,35
17_36,17,36
17_37,17,37
17_38,17,38
17_39,17,39
17_40,17,40
17_41,17,41
17_42,17,42
17_43,17,43
17_44,17,44
17_45,17,45
17_46,17,46
17_47,17,47
18_7,18,7
18_8,18,8
18_9,18,9
18_10,18,10
18_11,18,11
18_12,18,12
18_13,18,13
18_14,18,14
18_15,18,15
18_19,18,19
18_20,18,20
18_21,18,21
18_22,18,22
18_23,18,23
18_24,18,24
18_25,18,25
18_26,18,26
18_27,18,27
18_28,18,28
18_29,18,29
18_30,18,30
18_31,18,31
18_32,18,32
18_33,18,33
18_34,18,34
18_35,18,35
18_36,18,36
18_37,18,37
18_38,18,38
18_39,18,39
18_40,18,40
18_41,18,41
18_42,18,42
18_43,18,43
18_44,18,44
18_45,18,45
18_46,18,46
18_47,18,47
19_7,19,7
19_8,19,8
19_9,19,9
19_10,19,10
19_11,19,11
19_12,19,12
19_13,19,13
19_14,19,14
19_15,19,15
19_16,19,16
19_17,19,17
19_18,19,18
19_19,19,19
19_20,19,20
19_21,19,21
19_22,19,22
19_23,19,23
19_24,19,24
19_25,19,25
19_26,19,26
19_27,19,27
19_28,19,28
19_29,19,29
19_30,19,30
19_31,19,31
19_32,19,32
19_33,19,33
19_34,19,34
19_35,19,35
19_36,19,36
19_37,19,37
19_38,19,38
19_39,19,39
19_40,19,40
19_41,19,41
19_42,19,42
19_43,19,43
19_44,19,44
19_45,19,45
19_46,19,46
19_47,19,47
20_6,20,6
20_7,20,7
20_8,20,8
20_9,20,9
20_10,20,10
20_11,20,11
20_12,20,12
20_13,20,13
20_14,20,14
20_15,20,15
20_16,20,16
20_17,20,17
20_18,20,18
20_19,20,19
20_20,20,20
20_21,20,21
20_22,20,22
20_23,20,23
20_24,20,24
20_25,20,25
20_26,20,26
20_27,20,27
20_28,20,28
20_29,20,29
20_30,20,30
20_31,20,31
20_32,20,32
20_33,20,33
20_34,20,34
20_35,20,35
20_36,20,36
20_37,20,37
20_38,20,38
20_39,20,39
20_40,20,40
20_41,20,41
20_42,20,42
20_43,20,43
20_44,20,44
20_45,20,45
20_46,20,46
20_47,20,47
21_6,21,6
21_7,21,7
21_8,21,8
21_9,21,9
21_10,21,10
21_11,21,11
21_12,21,12
21_13,21,13
21_14,21,14
21_15,21,15
21_16,21,16
21_17,21,17
21_18,21,18
21_19,21,19
21_20,21,20
21_21,21,21
21_22,21,22
21_23,21,23
21_24,21,24
21_25,21,25
21_26,21,26
21_27,21,27
21_28,21,28
21_29,21,29
21_30,21,30
21_31,21,31
21_32,21,32
21_33,21,33
21_34,21,34
21_35,21,35
21_36,21,36
21_37,21,37
21_38,21,38
21_39,21,39
21_40,21,40
21_41,21,41
21_42,21,42
21_43,21,43
21_44,21,44
21_45,21,45
21_46,21,46
21_47,21,47
22_6,22,6
22_7,22,7
22_8,22,8
22_9,22,9
22_10,22,10
22_11,22,11
22_12,22,12
22_13,22,13
22_14,22,14
22_15,22,15
22_16,22,16
22_17,22,17
22_18,22,18
22_19,22,19
22_20,22,20
22_21,22,21
22_22,22,22
22_23,22,23
22_24,22,24
22_25,22,25
22_26,22,26
22_27,22,27
22_28,22,28
22_29,22,29
22_30,22,30
22_31,22,31
22_32,22,32
22_33,22,33
22_34,22,34
22_35,22,35
22_36,22,36
22_37,22,37
22_38,22,38
22_39,22,39
22_40,22,40
22_41,22,41
22_42,22,42
22_43,22,43
22_44,22,44
22_45,22,45
22_46,22,46
22_47,22,47
22_48,22,48
23_6,23,6
23_7,23,7
23_8,23,8
23_9,23,9
23_10,23,10
23_11,23,11
23_12,23,12
23_13,23,13
23_14,23,14
23_15,23,15
23_16,23,16
23_17,23,17
23_18,23,18
23_19,23,19
23_20,23,20
23_21,23,21
23_22,23,22
23_23,23,23
23_24,23,24
23_25,23,25
23_26,23,26
23_27,23,27
23_28,23,28
23_29,23,29
23_30,23,30
23_31,23,31
23_32,23,32
23_33,23,33
23_34,23,34
23_35,23,35
23_36,23,36
23_37,23,37
23_38,23,38
23_39,23,39
23_40,23,40
23_41,23,41
23_42,23,42
23_43,23,43
23_44,23,44
23_45,23,45
23_46,23,46
23_47,23,47
23_48,23,48
24_6,24,6
24_7,24,7
24_8,24,8
24_9,24,9
24_10,24,10
24_11,24,11
24_12,24,12
24_13,24,13
24_14,24,14
24_15,24,15
24_16,24,16
24_17,24,17
24_18,24,18
24_19,24,19
24_20,24,20
24_21,24,21
24_22,24,22
24_23,24,23
24_24,24,24
24_25,24,25
24_26,24,26
24_27,24,27
24_28,24,28
24_29,24,29
24_30,24,30
24_31,24,31
24_32,24,32
24_33,24,33
24_34,24,34
24_35,24,35
24_36,24,36
24_37,24,37
24_38,24,38
24_39,24,39
24_40,24,40
24_41,24,41
24_42,24,42
24_43,24,43
24_44,24,44
24_45,24,45
24_46,24,46
24_47,24,47
24_48,24,48
25_6,25,6
25_7,25,7
25_8,25,8
25_9,25,9
25_10,25,10
25_11,25,11
25_12,25,12
25_13,25,13
25_14,25,14
25_15,25,15
25_16,25,16
25_17,25,17
25_18,25,18
25_19,25,19
25_20,25,20
25_21,25,21
25_22,25,22
25_23,25,23
25_24,25,24
25_25,25,25
25_26,25,26
25_27,25,27
25_28,25,28
25_29,25,29
25_30,25,30
25_31,25,31
25_32,25,32
25_33,25,33
25_34,25,34
25_35,25,35
25_36,25,36
25_37,25,37
25_38,25,38
25_39,25,39
25_40,25,40
25_41,25,41
25_42,25,42
25_43,25,43
25_44,25,44
25_45,25,45
25_46,25,46
25_47,25,47
25_48,25,48
26_5,26,5
26_6,26,6
26_7,26,7
26_8,26,8
26_9,26,9
26_10,26,10
26_11,26,11
26_12,26,12
26_13,26,13
26_14,26,14
26_15,26,15
26_16,26,16
26_17,26,17
26_18,26,18
26_19,26,19
26_20,26,20
26_21,26,21
26_22,26,22
26_23,26,23
26_24,26,24
26_25,26,25
26_26,26,26
26_27,26,27
26_28,26,28
26_29,26,29
26_30,26,30
26_31,26,31
26_32,26,32
26_33,26,33
26_34,26,34
26_35,26,35
26_36,26,36
26_37,26,37
26_38,26,38
26_39,26,39
26_40,26,40
26_41,26,41
26_42,26,42
26_43,26,43
26_44,26,44
26_45,26,45
26_46,26,46
26_47,26,47
26_48,26,48
26_49,26,49
27_5,27,5
27_6,27,6
27_7,27,7
27_8,27,8
27_9,27,9
27_10,27,10
27_11,27,11
27_12,27,12
27_13,27,13
27_14,27,14
27_15,27,15
27_16,27,16
27_17,27,17
27_18,27,18
27_19,27,19
27_20,27,20
27_21,27,21
27_22,27,22
27_23,27,23
27_24,27,24
27_25,27,25
27_26,27,26
27_27,27,27
27_28,27,28
27_29,27,29
27_30,27,30
27_31,27,31
27_32,27,32
27_33,27,33
27_34,27,34
27_35,27,35
27_36,27,36
27_37,27,37
27_38,27,38
27_39,27,39
27_40,27,40
27_41,27,41
27_42,27,42
27_43,27,43
27_44,27,44
27_45,27,45
27_46,27,46
27_47,27,47
27_48,27,48
27_49,27,49
27_50,27,50
27_51,27,51
28_5,28,5
28_6,28,6
28_7,28,7
28_8,28,8
28_9,28,9
28_10,28,10
28_11,28,11
28_12,28,12
28_13,28,13
28_14,28,14
28_15,28,15
28_16,28,16
28_17,28,17
28_18,28,18
28_19,28,19
28_20,28,20
28_21,28,21
28_22,28,22
28_23,28,23
28_24,28,24
28_25,28,25
28_26,28,26
28_27,28,27
28_28,28,28
28_29,28,29
28_30,28,30
28_31,28,31
28_32,28,32
28_33,28,33
28_34,28,34
28_35,28,35
28_36,28,36
28_37,28,37
28_38,28,38
28_39,28,39
28_40,28,40
28_41,28,41
28_42,28,42
28_43,28,43
28_44,28,44
28_45,28,45
28_46,28,46
28_47,28,47
28_48,28,48
28_49,28,49
28_50,28,50
28_51,28,51
29_6,29,6
29_7,29,7
29_8,29,8
29_9,29,9
29_10,29,10
29_11,29,11
29_12,29,12
29_13,29,13
29_14,29,14
29_15,29,15
29_16,29,16
29_17,29,17
29_18,29,18
29_19,29,19
29_20,29,20
29_21,29,21
29_22,29,22
29_23,29,23
29_24,29,24
29_25,29,25
29_26,29,26
29_27,29,27
29_28,29,28
29_29,29,29
29_30,29,30
29_31,29,31
29_32,29,32
29_33,29,33
29_34,29,34
29_35,29,35
29_36,29,36
29_37,29,37
29_38,29,38
29_39,29,39
29_40,29,40
29_41,29,41
29_42,29,42
29_43,29,43
29_44,29,44
29_45,29,45
29_46,29,46
29_47,29,47
29_48,29,48
29_49,29,49
29_50,29,50
30_6,30,6
30_7,30,7
30_8,30,8
30_9,30,9
30_10,30,10
30_11,30,11
30_12,30,12
30_13,30,13
30_14,30,14
30_15,30,15
30_16,30,16
30_17,30,17
30_18,30,18
30_19,30,19
30_20,30,20
30_21,30,21
30_22,30,22
30_23,30,23
30_24,30,24
30_25,30,25
30_26,30,26
30_27,30,27
30_28,30,28
30_29,30,29
30_30,30,30
30_31,30,31
30_32,30,32
30_33,30,33
30_34,30,34
30_35,30,35
30_36,30,36
30_37,30,37
30_38,30,38
30_39,30,39
30_40,30,40
30_41,30,41
30_42,30,42
30_43,30,43
30_44,30,44
30_45,30,45
30_46,30,46
30_47,30,47
30_48,30,48
30_49,30,49
30_50,30,50
30_51,30,51
30_52,30,52
31_7,31,7
31_8,31,8
31_9,31,9
31_10,31,10
31_11,31,11
31_12,31,12
31_13,31,13
31_14,31,14
31_15,31,15
31_16,31,16
31_17,31,17
31_18,31,18
31_19,31,19
31_20,31,20
31_21,31,21
31_22,31,22
31_23,31,23
31_24,31,24
31_25,31,25
31_26,31,26
31_27,31,27
31_28,31,28
31_29,31,29
31_30,31,30
31_31,31,31
31_32,31,32
31_33,31,33
31_34,31,34
31_35,31,35
31_36,31,36
31_37,31,37
31_38,31,38
31_39,31,39
31_40,31,40
31_41,31,41
31_42,31,42
31_43,31,43
31_44,31,44
31_45,31,45
31_46,31,46
31_47,31,47
31_48,31,48
31_49,31,49
31_50,31,50
31_51,31,51
31_52,31,52
31_53,31,53
31_54,31,54
32_7,32,7
32_8,32,8
32_9,32,9
32_10,32,10
32_11,32,11
32_12,32,12
32_13,32,13
32_14,32,14
32_15,32,15
32_16,32,16
32_17,32,17
32_18,32,18
32_19,32,19
32_20,32,20
32_21,32,21
32_22,32,22
32_23,32,23
32_24,32,24
32_25,32,25
32_26,32,26
32_27,32,27
32_28,32,28
32_29,32,29
32_30,32,30
32_31,32,31
32_32,32,32
32_33,32,33
32_34,32,34
32_35,32,35
32_36,32,36
32_37,32,37
32_38,32,38
32_39,32,39
32_40,32,40
32_41,32,41
32_42,32,42
32_43,32,43
32_44,32,44
32_45,32,45
32_46,32,46
32_47,32,47
32_48,32,48
32_49,32,49
32_50,32,50
32_51,32,51
32_52,32,52
32_53,32,53
32_54,32,54
33_7,33,7
33_8,33,8
33_9,33,9
33_10,33,10
33_11,33,11
33_12,33,12
33_13,33,13
33_14,33,14
33_15,33,15
33_16,33,16
33_17,33,17
33_18,33,18
33_19,33,19
33_20,33,20
33_21,33,21
33_22,33,22
33_23,33,23
33_24,33,24
33_25,33,25
33_26,33,26
33_27,33,27
33_28,33,28
33_29,33,29
33_30,33,30
33_31,33,31
33_32,33,32
33_33,33,33
33_34,33,34
33_35,33,35
33_36,33,36
33_37,33,37
33_38,33,38
33_39,33,39
33_40,33,40
33_41,33,41
33_42,33,42
33_43,33,43
33_44,33,44
33_45,33,45
33_46,33,46
33_47,33,47
33_48,33,48
33_49,33,49
33_50,33,50
33_51,33,51
33_52,33,52
33_53,33,53
33_54,33,54
33_55,33,55
34_7,34,7
34_8,34,8
34_9,34,9
34_10,34,10
34_11,34,11
34_12,34,12
34_13,34,13
34_14,34,14
34_15,34,15
34_16,34,16
34_17,34,17
34_18,34,18
34_19,34,19
34_20,34,20
34_21,34,21
34_22,34,22
34_23,34,23
34_24,34,24
34_25,34,25
34_26,34,26
34_27,34,27
34_28,34,28
34_29,34,29
34_30,34,30
34_31,34,31
34_32,34,32
34_33,34,33
34_34,34,34
34_35,34,35
34_36,34,36
34_37,34,37
34_38,34,38
34_39,34,39
34_40,34,40
34_41,34,41
34_42,34,42
34_43,34,43
34_44,34,44
34_45,34,45
34_46,34,46
34_47,34,47
34_48,34,48
34_49,34,49
34_50,34,50
34_51,34,51
34_52,34,52
34_53,34,53
34_54,34,54
34_55,34,55
34_56,34,56
35_8,35,8
35_9,35,9
35_10,35,10
35_11,35,11
35_12,35,12
35_13,35,13
35_14,35,14
35_15,35,15
35_16,35,16
35_17,35,17
35_18,35,18
35_19,35,19
35_20,35,20
35_21,35,21
35_22,35,22
35_23,35,23
35_24,35,24
35_25,35,25
35_26,35,26
35_27,35,27
35_28,35,28
35_29,35,29
35_30,35,30
35_31,35,31
35_32,35,32
35_33,35,33
35_34,35,34
35_35,35,35
35_36,35,36
35_37,35,37
35_38,35,38
35_39,35,39
35_40,35,40
35_41,35,41
35_42,35,42
35_43,35,43
35_44,35,44
35_45,35,45
35_46,35,46
35_47,35,47
35_48,35,48
35_49,35,49
35_50,35,50
35_51,35,51
35_52,35,52
35_53,35,53
35_54,35,54
35_55,35,55
35_56,35,56
35_57,35,57
36_10,36,10
36_11,36,11
36_12,36,12
36_13,36,13
36_14,36,14
36_15,36,15
36_16,36,16
36_17,36,17
36_18,36,18
36_19,36,19
36_20,36,20
36_21,36,21
36_22,36,22
36_23,36,23
36_24,36,24
36_25,36,25
36_26,36,26
36_27,36,27
36_28,36,28
36_29,36,29
36_30,36,30
36_31,36,31
36_32,36,32
36_33,36,33
36_34,36,34
36_35,36,35
36_36,36,36
36_37,36,37
36_38,36,38
36_39,36,39
36_40,36,40
36_41,36,41
36_42,36,42
36_43,36,43
36_44,36,44
36_45,36,45
36_46,36,46
36_47,36,47
36_48,36,48
36_49,36,49
36_50,36,50
36_51,36,51
36_52,36,52
36_53,36,53
36_54,36,54
36_55,36,55
36_56,36,56
36_57,36,57
37_6,37,6
37_7,37,7
37_8,37,8
37_9,37,9
37_10,37,10
37_11,37,11
37_12,37,12
37_13,37,13
37_14,37,14
37_15,37,15
37_16,37,16
37_17,37,17
37_18,37,18
37_19,37,19
37_20,37,20
37_21,37,21
37_22,37,22
37_23,37,23
37_24,37,24
37_25,37,25
37_26,37,26
37_27,37,27
37_28,37,28
37_29,37,29
37_30,37,30
37_31,37,31
37_32,37,32
37_33,37,33
37_34,37,34
37_35,37,35
37_36,37,36
37_37,37,37
37_38,37,38
37_39,37,39
37_40,37,40
37_41,37,41
37_42,37,42
37_43,37,43
37_44,37,44
37_45,37,45
37_46,37,46
37_47,37,47
37_48,37,48
37_49,37,49
37_50,37,50
37_51,37,51
37_52,37,52
37_53,37,53
37_54,37,54
37_55,37,55
38_6,38,6
38_7,38,7
38_8,38,8
38_9,38,9
38_10,38,10
38_11,38,11
38_12,38,12
38_13,38,13
38_14,38,14
38_15,38,15
38_16,38,16
38_17,38,17
38_18,38,18
38_19,38,19
38_20,38,20
38_21,38,21
38_22,38,22
38_23,38,23
38_24,38,24
38_25,38,25
38_26,38,26
38_27,38,27
38_28,38,28
38_29,38,29
38_30,38,30
38_31,38,31
38_32,38,32
38_33,38,33
38_34,38,34
38_35,38,35
38_36,38,36
38_37,38,37
38_38,38,38
38_39,38,39
38_40,38,40
38_41,38,41
38_42,38,42
38_43,38,43
38_44,38,44
38_45,38,45
38_46,38,46
38_47,38,47
38_48,38,48
38_49,38,49
38_50,38,50
38_51,38,51
38_52,38,52
38_53,38,53
38_54,38,54
38_55,38,55
39_7,39,7
39_8,39,8
39_9,39,9
39_10,39,10
39_11,39,11
39_12,39,12
39_13,39,13
39_14,39,14
39_15,39,15
39_16,39,16
39_17,39,17
39_18,39,18
39_19,39,19
39_20,39,20
39_21,39,21
39_22,39,22
39_23,39,23
39_24,39,24
39_25,39,25
39_26,39,26
39_27,39,27
39_28,39,28
39_29,39,29
39_30,39,30
39_31,39,31
39_32,39,32
39_33,39,33
39_34,39,34
39_35,39,35
39_36,39,36
39_37,39,37
39_38,39,38
39_39,39,39
39_40,39,40
39_41,39,41
39_42,39,42
39_43,39,43
39_44,39,44
39_45,39,45
39_46,39,46
39_47,39,47
39_48,39,48
39_49,39,49
39_50,39,50
39_51,39,51
39_52,39,52
39_53,39,53
39_54,39,54
39_55,39,55
39_56,39,56
40_8,40,8
40_9,40,9
40_10,40,10
40_11,40,11
40_12,40,12
40_13,40,13
40_14,40,14
40_15,40,15
40_16,40,16
40_17,40,17
40_18,40,18
40_19,40,19
40_20,40,20
40_21,40,21
40_22,40,22
40_23,40,23
40_24,40,24
40_25,40,25
40_26,40,26
40_27,40,27
40_28,40,28
40_29,40,29
40_30,40,30
40_31,40,31
40_32,40,32
40_33,40,33
40_34,40,34
40_35,40,35
40_36,40,36
40_37,40,37
40_38,40,38
40_39,40,39
40_40,40,40
40_41,40,41
40_42,40,42
40_43,40,43
40_44,40,44
40_45,40,45
40_46,40,46
40_47,40,47
40_48,40,48
40_49,40,49
40_50,40,50
40_51,40,51
40_52,40,52
40_53,40,53
40_54,40,54
40_55,40,55
40_56,40,56
40_57,40,57
41_8,41,8
41_9,41,9
41_10,41,10
41_11,41,11
41_12,41,12
41_13,41,13
41_14,41,14
41_15,41,15
41_16,41,16
41_17,41,17
41_18,41,18
41_19,41,19
41_20,41,20
41_21,41,21
41_22,41,22
41_23,41,23
41_24,41,24
41_25,41,25
41_26,41,26
41_27,41,27
41_28,41,28
41_29,41,29
41_30,41,30
41_31,41,31
41_32,41,32
41_33,41,33
41_34,41,34
41_35,41,35
41_36,41,36
41_37,41,37
41_38,41,38
41_39,41,39
41_40,41,40
41_41,41,41
41_42,41,42
41_43,41,43
41_44,41,44
41_45,41,45
41_46,41,46
41_47,41,47
41_48,41,48
41_49,41,49
41_50,41,50
41_51,41,51
41_52,41,52
41_53,41,53
41_54,41,54
41_55,41,55
41_56,41,56
41_57,41,57
41_58,41,58
41_59,41,59
42_8,42,8
42_9,42,9
42_10,42,10
42_11,42,11
42_12,42,12
42_13,42,13
42_14,42,14
42_15,42,15
42_16,42,16
42_17,42,17
42_18,42,18
42_19,42,19
42_20,42,20
42_21,42,21
42_22,42,22
42_23,42,23
42_24,42,24
42_25,42,25
42_26,42,26
42_27,42,27
42_28,42,28
42_29,42,29
42_30,42,30
42_31,42,31
42_32,42,32
42_33,42,33
42_34,42,34
42_35,42,35
42_36,42,36
42_37,42,37
42_38,42,38
42_39,42,39
42_40,42,40
42_41,42,41
42_42,42,42
42_43,42,43
42_44,42,44
42_45,42,45
42_46,42,46
42_47,42,47
42_48,42,48
42_49,42,49
42_50,42,50
42_51,42,51
42_52,42,52
42_53,42,53
42_54,42,54
42_55,42,55
42_56,42,56
42_57,42,57
42_58,42,58
42_59,42,59
42_60,42,60
43_9,43,9
43_10,43,10
43_11,43,11
43_12,43,12
43_13,43,13
43_14,43,14
43_15,43,15
43_16,43,16
43_17,43,17
43_18,43,18
43_19,43,19
43_20,43,20
43_21,43,21
43_22,43,22
43_23,43,23
43_24,43,24
43_25,43,25
43_26,43,26
43_27,43,27
43_28,43,28
43_29,43,29
43_30,43,30
43_31,43,31
43_32,43,32
43_33,43,33
43_34,43,34
43_35,43,35
43_36,43,36
43_37,43,37
43_38,43,38
43_39,43,39
43_40,43,40
43_41,43,41
43_42,43,42
43_43,43,43
43_44,43,44
43_45,43,45
43_46,43,46
43_47,43,47
43_48,43,48
43_49,43,49
43_50,43,50
43_51,43,51
43_52,43,52
43_53,43,53
43_54,43,54
43_55,43,55
43_56,43,56
43_57,43,57
43_58,43,58
43_59,43,59
43_60,43,60
44_9,44,9
44_10,44,10
44_11,44,11
44_12,44,12
44_13,44,13
44_14,44,14
44_15,44,15
44_16,44,16
44_17,44,17
44_18,44,18
44_19,44,19
44_20,44,20
44_21,44,21
44_22,44,22
44_23,44,23
44_24,44,24
44_25,44,25
44_26,44,26
44_27,44,27
44_28,44,28
44_29,44,29
44_30,44,30
44_31,44,31
44_32,44,32
44_33,44,33
44_34,44,34
44_35,44,35
44_36,44,36
44_37,44,37
44_38,44,38
44_39,44,39
44_40,44,40
44_41,44,41
44_42,44,42
44_43,44,43
44_44,44,44
44_45,44,45
44_46,44,46
44_47,44,47
44_48,44,48
44_49,44,49
44_50,44,50
44_51,44,51
44_52,44,52
44_53,44,53
44_54,44,54
44_55,44,55
44_56,44,56
44_57,44,57
44_58,44,58
44_59,44,59
45_9,45,9
45_10,45,10
45_11,45,11
45_12,45,12
45_13,45,13
45_14,45,14
45_15,45,15
45_16,45,16
45_17,45,17
45_18,45,18
45_19,45,19
45_20,45,20
45_21,45,21
45_22,45,22
45_23,45,23
45_24,45,24
45_25,45,25
45_26,45,26
45_27,45,27
45_28,45,28
45_29,45,29
45_30,45,30
45_31,45,31
45_32,45,32
45_33,45,33
45_34,45,34
45_35,45,35
45_36,45,36
45_37,45,37
45_38,45,38
45_39,45,39
45_40,45,40
45_41,45,41
45_42,45,42
45_43,45,43
45_44,45,44
45_45,45,45
45_46,45,46
45_47,45,47
45_48,45,48
45_49,45,49
45_50,45,50
45_51,45,51
45_52,45,52
45_53,45,53
45_54,45,54
45_55,45,55
45_56,45,56
45_57,45,57
45_58,45,58
45_59,45,59
46_8,46,8
46_9,46,9
46_10,46,10
46_11,46,11
46_12,46,12
46_13,46,13
46_14,46,14
46_15,46,15
46_16,46,16
46_17,46,17
46_18,46,18
46_19,46,19
46_20,46,20
46_21,46,21
46_22,46,22
46_23,46,23
46_24,46,24
46_25,46,25
46_26,46,26
46_27,46,27
46_28,46,28
46_29,46,29
46_30,46,30
46_31,46,31
46_32,46,32
46_33,46,33
46_34,46,34
46_35,46,35
46_36,46,36
46_37,46,37
46_38,46,38
46_39,46,39
46_40,46,40
46_41,46,41
46_42,46,42
46_43,46,43
46_44,46,44
46_45,46,45
46_46,46,46
46_47,46,47
46_48,46,48
46_49,46,49
46_50,46,50
46_51,46,51
46_52,46,52
46_53,46,53
46_54,46,54
46_55,46,55
46_56,46,56
46_57,46,57
46_58,46,58
47_5,47,5
47_6,47,6
47_7,47,7
47_8,47,8
47_9,47,9
47_10,47,10
47_11,47,11
47_12,47,12
47_13,47,13
47_14,47,14
47_15,47,15
47_16,47,16
47_17,47,17
47_18,47,18
47_19,47,19
47_20,47,20
47_21,47,21
47_22,47,22
47_23,47,23
47_24,47,24
47_25,47,25
47_26,47,26
47_27,47,27
47_28,47,28
47_29,47,29
47_30,47,30
47_31,47,31
47_32,47,32
47_33,47,33
47_34,47,34
47_35,47,35
47_36,47,36
47_37,47,37
47_38,47,38
47_39,47,39
47_40,47,40
47_41,47,41
47_42,47,42
47_43,47,43
47_44,47,44
47_45,47,45
47_46,47,46
47_47,47,47
47_48,47,48
47_49,47,49
47_50,47,50
47_51,47,51
47_52,47,52
47_53,47,53
47_54,47,54
47_55,47,55
47_56,47,56
47_57,47,57
47_58,47,58
47_59,47,59
48_5,48,5
48_6,48,6
48_7,48,7
48_8,48,8
48_9,48,9
48_10,48,10
48_11,48,11
48_12,48,12
48_13,48,13
48_14,48,14
48_15,48,15
48_16,48,16
48_17,48,17
48_18,48,18
48_19,48,19
48_20,48,20
48_21,48,21
48_22,48,22
48_23,48,23
48_24,48,24
48_25,48,25
48_26,48,26
48_27,48,27
48_28,48,28
48_29,48,29
48_30,48,30
48_31,48,31
48_32,48,32
48_33,48,33
48_34,48,34
48_35,48,35
48_36,48,36
48_37,48,37
48_38,48,38
48_39,48,39
48_40,48,40
48_41,48,41
48_42,48,42
48_43,48,43
48_44,48,44
48_45,48,45
48_46,48,46
48_47,48,47
48_48,48,48
48_49,48,49
48_50,48,50
48_51,48,51
48_52,48,52
48_53,48,53
48_54,48,54
48_55,48,55
48_56,48,56
48_57,48,57
48_58,48,58
49_5,49,5
49_6,49,6
49_7,49,7
49_8,49,8
49_9,49,9
49_10,49,10
49_11,49,11
49_12,49,12
49_13,49,13
49_14,49,14
49_15,49,15
49_16,49,16
49_17,49,17
49_18,49,18
49_19,49,19
49_20,49,20
49_21,49,21
49_22,49,22
49_23,49,23
49_24,49,24
49_25,49,25
49_26,49,26
49_27,49,27
49_28,49,28
49_29,49,29
49_30,49,30
49_31,49,31
49_32,49,32
49_33,49,33
49_34,49,34
49_35,49,35
49_36,49,36
49_37,49,37
49_38,49,38
49_39,49,39
49_40,49,40
49_41,49,41
49_42,49,42
49_43,49,43
49_44,49,44
49_45,49,45
49_46,49,46
49_47,49,47
49_48,49,48
49_49,49,49
49_50,49,50
49_51,49,51
49_52,49,52
49_53,49,53
49_54,49,54
49_55,49,55
49_56,49,56
49_57,49,57
49_58,49,58
50_4,50,4
50_5,50,5
50_6,50,6
50_7,50,7
50_8,50,8
50_9,50,9
50_10,50,10
50_11,50,11
50_12,50,12
50_13,50,13
50_14,50,14
50_15,50,15
50_16,50,16
50_17,50,17
50_18,50,18
50_19,50,19
50_20,50,20
50_21,50,21
50_22,50,22
50_23,50,23
50_24,50,24
50_25,50,25
50_26,50,26
50_27,50,27
50_28,50,28
50_29,50,29
50_30,50,30
50_31,50,31
50_32,50,32
50_33,50,33
50_34,50,34
50_35,50,35
50_36,50,36
50_37,50,37
50_38,50,38
50_39,50,39
50_40,50,40
50_41,50,41
50_42,50,42
50_43,50,43
50_44,50,44
50_45,50,45
50_46,50,46
50_47,50,47
50_48,50,48
50_49,50,49
50_50,50,50
50_51,50,51
50_52,50,52
50_53,50,53
50_54,50,54
50_55,50,55
50_56,50,56
50_57,50,57
50_58,50,58
51_4,51,4
51_5,51,5
51_6,51,6
51_7,51,7
51_8,51,8
51_9,51,9
51_10,51,10
51_11,51,11
51_12,51,12
51_13,51,13
51_14,51,14
51_15,51,15
51_16,51,16
51_17,51,17
51_18,51,18
51_19,51,19
51_20,51,20
51_21,51,21
51_22,51,22
51_23,51,23
51_24,51,24
51_25,51,25
51_26,51,26
51_27,51,27
51_28,51,28
51_29,51,29
51_30,51,30
51_31,51,31
51_32,51,32
51_33,51,33
51_34,51,34
51_35,51,35
51_36,51,36
51_37,51,37
51_38,51,38
51_39,51,39
51_40,51,40
51_41,51,41
51_42,51,42
51_43,51,43
51_44,51,44
51_45,51,45
51_46,51,46
51_47,51,47
51_48,51,48
51_49,51,49
51_50,51,50
51_51,51,51
51_52,51,52
51_53,51,53
51_54,51,54
51_55,51,55
51_56,51,56
51_57,51,57
51_58,51,58
52_4,52,4
52_5,52,5
52_6,52,6
52_7,52,7
52_8,52,8
52_9,52,9
52_10,52,10
52_11,52,11
52_12,52,12
52_13,52,13
52_14,52,14
52_15,52,15
52_16,52,16
52_17,52,17
52_18,52,18
52_19,52,19
52_20,52,20
52_21,52,21
52_22,52,22
52_23,52,23
52_24,52,24
52_25,52,25
52_26,52,26
52_27,52,27
52_28,52,28
52_29,52,29
52_30,52,30
52_31,52,31
52_32,52,32
52_33,52,33
52_34,52,34
52_35,52,35
52_36,52,36
52_37,52,37
52_38,52,38
52_39,52,39
52_40,52,40
52_41,52,41
52_42,52,42
52_43,52,43
52_44,52,44
52_45,52,45
52_46,52,46
52_47,52,47
52_48,52,48
52_49,52,49
52_50,52,50
52_51,52,51
52_52,52,52
52_53,52,53
52_54,52,54
52_55,52,55
52_56,52,56
52_57,52,57
52_58,52,58
52_59,52,59
53_5,53,5
53_6,53,6
53_7,53,7
53_8,53,8
53_9,53,9
53_10,53,10
53_11,53,11
53_12,53,12
53_13,53,13
53_14,53,14
53_15,53,15
53_16,53,16
53_17,53,17
53_18,53,18
53_19,53,19
53_20,53,20
53_21,53,21
53_22,53,22
53_23,53,23
53_24,53,24
53_25,53,25
53_26,53,26
53_27,53,27
53_28,53,28
53_29,53,29
53_30,53,30
53_31,53,31
53_32,53,32
53_33,53,33
53_34,53,34
53_35,53,35
53_36,53,36
53_37,53,37
53_38,53,38
53_39,53,39
53_40,53,40
53_41,53,41
53_42,53,42
53_43,53,43
53_44,53,44
53_45,53,45
53_46,53,46
53_47,53,47
53_48,53,48
53_49,53,49
53_50,53,50
53_51,53,51
53_52,53,52
53_53,53,53
53_54,53,54
53_55,53,55
53_56,53,56
53_57,53,57
53_58,53,58
53_59,53,59
53_60,53,60
54_6,54,6
54_7,54,7
54_8,54,8
54_9,54,9
54_10,54,10
54_11,54,11
54_12,54,12
54_13,54,13
54_14,54,14
54_15,54,15
54_16,54,16
54_17,54,17
54_18,54,18
54_19,54,19
54_20,54,20
54_21,54,21
54_22,54,22
54_23,54,23
54_24,54,24
54_25,54,25
54_26,54,26
54_27,54,27
54_28,54,28
54_29,54,29
54_30,54,30
54_31,54,31
54_32,54,32
54_33,54,33
54_34,54,34
54_35,54,35
54_36,54,36
54_37,54,37
54_38,54,38
54_39,54,39
54_40,54,40
54_41,54,41
54_42,54,42
54_43,54,43
54_44,54,44
54_45,54,45
54_46,54,46
54_47,54,47
54_48,54,48
54_49,54,49
54_50,54,50
54_51,54,51
54_52,54,52
54_53,54,53
54_54,54,54
54_55,54,55
54_56,54,56
54_57,54,57
54_58,54,58
54_59,54,59
54_60,54,60
54_61,54,61
54_62,54,62
55_5,55,5
55_6,55,6
55_7,55,7
55_8,55,8
55_9,55,9
55_10,55,10
55_11,55,11
55_12,55,12
55_13,55,13
55_14,55,14
55_15,55,15
55_16,55,16
55_17,55,17
55_18,55,18
55_19,55,19
55_20,55,20
55_21,55,21
55_22,55,22
55_23,55,23
55_24,55,24
55_25,55,25
55_26,55,26
55_27,55,27
55_28,55,28
55_29,55,29
55_30,55,30
55_31,55,31
55_32,55,32
55_33,55,33
55_34,55,34
55_35,55,35
55_36,55,36
55_37,55,37
55_38,55,38
55_39,55,39
55_40,55,40
55_41,55,41
55_42,55,42
55_43,55,43
55_44,55,44
55_45,55,45
55_46,55,46
55_47,55,47
55_48,55,48
55_49,55,49
55_50,55,50
55_51,55,51
55_52,55,52
55_53,55,53
55_54,55,54
55_55,55,55
55_56,55,56
55_57,55,57
55_58,55,58
55_59,55,59
55_60,55,60
55_61,55,61
55_62,55,62
55_63,55,63
55_64,55,64
55_65,55,65
55_66,55,66
56_4,56,4
56_5,56,5
56_6,56,6
56_7,56,7
56_8,56,8
56_9,56,9
56_10,56,10
56_11,56,11
56_12,56,12
56_13,56,13
56_14,56,14
56_15,56,15
56_16,56,16
56_17,56,17
56_18,56,18
56_19,56,19
56_20,56,20
56_21,56,21
56_22,56,22
56_23,56,23
56_24,56,24
56_25,56,25
56_26,56,26
56_27,56,27
56_28,56,28
56_29,56,29
56_30,56,30
56_31,56,31
56_32,56,32
56_33,56,33
56_34,56,34
56_35,56,35
56_36,56,36
56_37,56,37
56_38,56,38
56_39,56,39
56_40,56,40
56_41,56,41
56_42,56,42
56_43,56,43
56_44,56,44
56_45,56,45
56_46,56,46
56_47,56,47
56_48,56,48
56_49,56,49
56_50,56,50
56_51,56,51
56_52,56,52
56_53,56,53
56_54,56,54
56_55,56,55
56_56,56,56
56_57,56,57
56_58,56,58
56_59,56,59
56_60,56,60
56_61,56,61
56_62,56,62
56_63,56,63
56_64,56,64
56_65,56,65
56_66,56,66
56_67,56,67
57_3,57,3
57_4,57,4
57_5,57,5
57_6,57,6
57_7,57,7
57_8,57,8
57_9,57,9
57_10,57,10
57_11,57,11
57_12,57,12
57_13,57,13
57_14,57,14
57_15,57,15
57_16,57,16
57_17,57,17
57_18,57,18
57_19,57,19
57_20,57,20
57_21,57,21
57_22,57,22
57_23,57,23
57_24,57,24
57_25,57,25
57_26,57,26
57_27,57,27
57_28,57,28
57_29,57,29
57_30,57,30
57_31,57,31
57_32,57,32
57_33,57,33
57_34,57,34
57_35,57,35
57_36,57,36
57_37,57,37
57_38,57,38
57_39,57,39
57_40,57,40
57_41,57,41
57_42,57,42
57_43,57,43
57_44,57,44
57_45,57,45
57_46,57,46
57_47,57,47
57_48,57,48
57_49,57,49
57_50,57,50
57_51,57,51
57_52,57,52
57_53,57,53
57_54,57,54
57_55,57,55
57_56,57,56
57_57,57,57
57_58,57,58
57_59,57,59
57_60,57,60
57_61,57,61
57_62,57,62
57_63,57,63
57_64,57,64
57_65,57,65
57_66,57,66
57_67,57,67
57_68,57,68
58_3,58,3
58_4,58,4
58_5,58,5
58_6,58,6
58_7,58,7
58_8,58,8
58_9,58,9
58_10,58,10
58_11,58,11
58_12,58,12
58_13,58,13
58_14,58,14
58_15,58,15
58_16,58,16
58_17,58,17
58_18,58,18
58_19,58,19
58_20,58,20
58_21,58,21
58_22,58,22
58_23,58,23
58_24,58,24
58_25,58,25
58_26,58,26
58_27,58,27
58_28,58,28
58_29,58,29
58_30,58,30
58_31,58,31
58_32,58,32
58_33,58,33
58_34,58,34
58_35,58,35
58_36,58,36
58_37,58,37
58_38,58,38
58_39,58,39
58_40,58,40
58_41,58,41
58_42,58,42
58_43,58,43
58_44,58,44
58_45,58,45
58_46,58,46
58_47,58,47
58_48,58,48
58_49,58,49
58_50,58,50
58_51,58,51
58_52,58,52
58_53,58,53
58_54,58,54
58_55,58,55
58_56,58,56
58_57,58,57
58_58,58,58
58_59,58,59
58_60,58,60
58_61,58,61
58_62,58,62
58_63,58,63
58_64,58,64
58_65,58,65
58_66,58,66
58_67,58,67
58_68,58,68
59_3,59,3
59_4,59,4
59_5,59,5
59_6,59,6
59_7,59,7
59_8,59,8
59_9,59,9
59_10,59,10
59_11,59,11
59_12,59,12
59_13,59,13
59_14,59,14
59_15,59,15
59_16,59,16
59_17,59,17
59_18,59,18
59_19,59,19
59_20,59,20
59_21,59,21
59_22,59,22
59_23,59,23
59_24,59,24
59_25,59,25
59_26,59,26
59_27,59,27
59_28,59,28
59_29,59,29
59_30,59,30
59_31,59,31
59_32,59,32
59_33,59,33
59_34,59,34
59_35,59,35
59_36,59,36
59_37,59,37
59_38,59,38
59_39,59,39
59_40,59,40
59_41,59,41
59_42,59,42
59_43,59,43
59_44,59,44
59_45,59,45
59_46,59,46
59_47,59,47
59_48,59,48
59_49,59,49
59_50,59,50
59_51,59,51
59_52,59,52
59_53,59,53
59_54,59,54
59_55,59,55
59_56,59,56
59_57,59,57
59_58,59,58
59_59,59,59
59_60,59,60
59_61,59,61
59_62,59,62
59_63,59,63
59_64,59,64
59_65,59,65
59_66,59,66
59_67,59,67
59_68,59,68
59_69,59,69
60_4,60,4
60_5,60,5
60_6,60,6
60_7,60,7
60_8,60,8
60_9,60,9
60_10,60,10
60_11,60,11
60_12,60,12
60_13,60,13
60_14,60,14
60_15,60,15
60_16,60,16
60_17,60,17
60_18,60,18
60_19,60,19
60_20,60,20
60_21,60,21
60_22,60,22
60_23,60,23
60_24,60,24
60_25,60,25
60_26,60,26
60_27,60,27
60_28,60,28
60_29,60,29
60_30,60,30
60_31,60,31
60_32,60,32
60_33,60,33
60_34,60,34
60_35,60,35
60_36,60,36
60_37,60,37
60_38,60,38
60_39,60,39
60_40,60,40
60_41,60,41
60_42,60,42
60_43,60,43
60_44,60,44
60_45,60,45
60_46,60,46
60_47,60,47
60_48,60,48
60_49,60,49
60_50,60,50
60_51,60,51
60_52,60,52
60_53,60,53
60_54,60,54
60_55,60,55
60_56,60,56
60_57,60,57
60_58,60,58
60_59,60,59
60_60,60,60
60_61,60,61
60_62,60,62
60_63,60,63
60_64,60,64
60_65,60,65
60_66,60,66
60_67,60,67
60_68,60,68
60_69,60,69
60_70,60,70
61_5,61,5
61_6,61,6
61_7,61,7
61_8,61,8
61_9,61,9
61_10,61,10
61_11,61,11
61_12,61,12
61_13,61,13
61_14,61,14
61_15,61,15
61_16,61,16
61_17,61,17
61_18,61,18
61_19,61,19
61_20,61,20
61_21,61,21
61_22,61,22
61_23,61,23
61_24,61,24
61_25,61,25
61_26,61,26
61_27,61,27
61_28,61,28
61_29,61,29
61_30,61,30
61_31,61,31
61_32,61,32
61_33,61,33
61_34,61,34
61_35,61,35
61_36,61,36
61_37,61,37
61_38,61,38
61_39,61,39
61_40,61,40
61_41,61,41
61_42,61,42
61_43,61,43
61_44,61,44
61_45,61,45
61_46,61,46
61_47,61,47
61_48,61,48
61_49,61,49
61_50,61,50
61_51,61,51
61_52,61,52
61_53,61,53
61_54,61,54
61_55,61,55
61_56,61,56
61_57,61,57
61_58,61,58
61_59,61,59
61_60,61,60
61_61,61,61
61_62,61,62
61_63,61,63
61_64,61,64
61_65,61,65
61_66,61,66
61_67,61,67
61_68,61,68
61_69,61,69
61_70,61,70
61_71,61,71
62_5,62,5
62_6,62,6
62_7,62,7
62_8,62,8
62_9,62,9
62_10,62,10
62_11,62,11
62_12,62,12
62_13,62,13
62_14,62,14
62_15,62,15
62_16,62,16
62_17,62,17
62_18,62,18
62_19,62,19
62_20,62,20
62_21,62,21
62_22,62,22
62_23,62,23
62_24,62,24
62_25,62,25
62_26,62,26
62_27,62,27
62_28,62,28
62_29,62,29
62_30,62,30
62_31,62,31
62_32,62,32
62_33,62,33
62_34,62,34
62_35,62,35
62_36,62,36
62_37,62,37
62_38,62,38
62_39,62,39
62_40,62,40
62_41,62,41
62_42,62,42
62_43,62,43
62_44,62,44
62_45,62,45
62_46,62,46
62_47,62,47
62_48,62,48
62_49,62,49
62_50,62,50
62_51,62,51
62_52,62,52
62_53,62,53
62_54,62,54
62_55,62,55
62_56,62,56
62_57,62,57
62_58,62,58
62_59,62,59
62_60,62,60
62_61,62,61
62_62,62,62
62_63,62,63
62_64,62,64
62_65,62,65
62_66,62,66
62_67,62,67
62_68,62,68
62_69,62,69
62_70,62,70
63_0,63,0
63_1,63,1
63_2,63,2
63_3,63,3
63_5,63,5
63_6,63,6
63_7,63,7
63_8,63,8
63_9,63,9
63_10,63,10
63_11,63,11
63_12,63,12
63_13,63,13
63_14,63,14
63_15,63,15
63_16,63,16
63_17,63,17
63_18,63,18
63_19,63,19
63_20,63,20
63_21,63,21
63_22,63,22
63_23,63,23
63_24,63,24
63_25,63,25
63_26,63,26
63_27,63,27
63_28,63,28
63_29,63,29
63_30,63,30
63_31,63,31
63_32,63,32
63_33,63,33
63_34,63,34
63_35,63,35
63_36,63,36
63_37,63,37
63_38,63,38
63_39,63,39
63_40,63,40
63_41,63,41
63_42,63,42
63_43,63,43
63_44,63,44
63_45,63,45
63_46,63,46
63_47,63,47
63_48,63,48
63_49,63,49
63_50,63,50
63_51,63,51
63_52,63,52
63_53,63,53
63_54,63,54
63_55,63,55
63_56,63,56
63_57,63,57
63_58,63,58
63_59,63,59
63_60,63,60
63_61,63,61
63_62,63,62
63_63,63,63
63_64,63,64
63_65,63,65
63_66,63,66
63_67,63,67
63_68,63,68
63_69,63,69
64_0,64,0
64_1,64,1
64_2,64,2
64_3,64,3
64_4,64,4
64_5,64,5
64_6,64,6
64_7,64,7
64_8,64,8
64_9,64,9
64_10,64,10
64_11,64,11
64_12,64,12
64_13,64,13
64_14,64,14
64_15,64,15
64_16,64,16
64_17,64,17
64_18,64,18
64_19,64,19
64_20,64,20
64_21,64,21
64_22,64,22
64_23,64,23
64_24,64,24
64_25,64,25
64_26,64,26
64_27,64,27
64_28,64,28
64_29,64,29
64_30,64,30
64_31,64,31
64_32,64,32
64_33,64,33
64_34,64,34
64_35,64,35
64_36,64,36
64_37,64,37
64_38,64,38
64_39,64,39
64_40,64,40
64_41,64,41
64_42,64,42
64_43,64,43
64_44,64,44
64_45,64,45
64_46,64,46
64_47,64,47
64_48,64,48
64_49,64,49
64_50,64,50
64_51,64,51
64_52,64,52
64_53,64,53
64_54,64,54
64_55,64,55
64_56,64,56
64_57,64,57
64_58,64,58
64_59,64,59
64_60,64,60
64_61,64,61
64_62,64,62
64_63,64,63
64_64,64,64
64_65,64,65
64_66,64,66
64_67,64,67
64_68,64,68
64_69,64,69
64_70,64,70
65_0,65,0
65_1,65,1
65_2,65,2
65_3,65,3
65_4,65,4
65_5,65,5
65_6,65,6
65_7,65,7
65_8,65,8
65_9,65,9
65_10,65,10
65_11,65,11
65_12,65,12
65_13,65,13
65_14,65,14
65_15,65,15
65_16,65,16
65_17,65,17
65_18,65,18
65_19,65,19
65_20,65,20
65_21,65,21
65_22,65,22
65_23,65,23
65_24,65,24
65_25,65,25
65_26,65,26
65_27,65,27
65_28,65,28
65_29,65,29
65_30,65,30
65_31,65,31
65_32,65,32
65_33,65,33
65_34,65,34
65_35,65,35
65_36,65,36
65_37,65,37
65_38,65,38
65_39,65,39
65_40,65,40
65_41,65,41
65_42,65,42
65_43,65,43
65_44,65,44
65_45,65,45
65_46,65,46
65_47,65,47
65_48,65,48
65_49,65,49
65_50,65,50
65_51,65,51
65_52,65,52
65_53,65,53
65_54,65,54
65_55,65,55
65_56,65,56
65_57,65,57
65_58,65,58
65_59,65,59
65_60,65,60
65_61,65,61
65_62,65,62
65_63,65,63
65_64,65,64
65_65,65,65
65_66,65,66
65_67,65,67
65_68,65,68
65_69,65,69
65_70,65,70
66_0,66,0
66_1,66,1
66_2,66,2
66_3,66,3
66_4,66,4
66_5,66,5
66_6,66,6
66_7,66,7
66_8,66,8
66_9,66,9
66_10,66,10
66_11,66,11
66_12,66,12
66_13,66,13
66_14,66,14
66_15,66,15
66_16,66,16
66_17,66,17
66_18,66,18
66_19,66,19
66_20,66,20
66_21,66,21
66_22,66,22
66_23,66,23
66_24,66,24
66_25,66,25
66_26,66,26
66_27,66,27
66_28,66,28
66_29,66,29
66_30,66,30
66_31,66,31
66_32,66,32
66_33,66,33
66_34,66,34
66_35,66,35
66_36,66,36
66_37,66,37
66_38,66,38
66_39,66,39
66_40,66,40
66_41,66,41
66_42,66,42
66_43,66,43
66_44,66,44
66_45,66,45
66_46,66,46
66_47,66,47
66_48,66,48
66_49,66,49
66_50,66,50
66_51,66,51
66_52,66,52
66_53,66,53
66_54,66,54
66_55,66,55
66_56,66,56
66_57,66,57
66_58,66,58
66_59,66,59
66_60,66,60
66_61,66,61
66_62,66,62
66_63,66,63
66_64,66,64
66_65,66,65
66_66,66,66
66_67,66,67
66_68,66,68
66_69,66,69
67_0,67,0
67_1,67,1
67_2,67,2
67_3,67,3
67_4,67,4
67_5,67,5
67_6,67,6
67_7,67,7
67_8,67,8
67_9,67,9
67_10,67,10
67_11,67,11
67_12,67,12
67_13,67,13
67_14,67,14
67_15,67,15
67_16,67,16
67_17,67,17
67_18,67,18
67_19,67,19
67_20,67,20
67_21,67,21
67_22,67,22
67_23,67,23
67_24,67,24
67_25,67,25
67_26,67,26
67_27,67,27
67_28,67,28
67_29,67,29
67_30,67,30
67_31,67,31
67_32,67,32
67_33,67,33
67_34,67,34
67_35,67,35
67_36,67,36
67_37,67,37
67_38,67,38
67_39,67,39
67_40,67,40
67_41,67,41
67_42,67,42
67_43,67,43
67_44,67,44
67_45,67,45
67_46,67,46
67_47,67,47
67_48,67,48
67_49,67,49
67_50,67,50
67_51,67,51
67_52,67,52
67_53,67,53
67_54,67,54
67_55,67,55
67_56,67,56
67_57,67,57
67_58,67,58
67_59,67,59
67_60,67,60
67_61,67,61
67_62,67,62
67_63,67,63
67_64,67,64
67_65,67,65
67_66,67,66
67_67,67,67
67_68,67,68
67_69,67,69
68_0,68,0
68_1,68,1
68_2,68,2
68_3,68,3
68_4,68,4
68_5,68,5
68_6,68,6
68_7,68,7
68_8,68,8
68_9,68,9
68_10,68,10
68_11,68,11
68_12,68,12
68_13,68,13
68_14,68,14
68_15,68,15
68_16,68,16
68_17,68,17
68_18,68,18
68_19,68,19
68_20,68,20
68_21,68,21
68_22,68,22
68_23,68,23
68_24,68,24
68_25,68,25
68_26,68,26
68_27,68,27
68_28,68,28
68_29,68,29
68_30,68,30
68_31,68,31
68_32,68,32
68_33,68,33
68_34,68,34
68_35,68,35
68_36,68,36
68_37,68,37
68_38,68,38
68_39,68,39
68_40,68,40
68_41,68,41
68_42,68,42
68_43,68,43
68_44,68,44
68_45,68,45
68_46,68,46
68_47,68,47
68_48,68,48
68_49,68,49
68_50,68,50
68_51,68,51
68_52,68,52
68_53,68,53
68_54,68,54
68_55,68,55
68_56,68,56
68_57,68,57
68_58,68,58
68_59,68,59
68_60,68,60
68_61,68,61
68_62,68,62
68_63,68,63
68_64,68,64
68_65,68,65
68_66,68,66
68_67,68,67
68_68,68,68
69_0,69,0
69_1,69,1
69_2,69,2
69_3,69,3
69_4,69,4
69_5,69,5
69_6,69,6
69_7,69,7
69_8,69,8
69_9,69,9
69_10,69,10
69_11,69,11
69_12,69,12
69_13,69,13
69_14,69,14
69_15,69,15
69_16,69,16
69_17,69,17
69_18,69,18
69_19,69,19
69_20,69,20
69_21,69,21
69_22,69,22
69_23,69,23
69_24,69,24
69_25,69,25
69_26,69,26
69_27,69,27
69_28,69,28
69_29,69,29
69_30,69,30
69_31,69,31
69_32,69,32
69_33,69,33
69_34,69,34
69_35,69,35
69_36,69,36
69_37,69,37
69_38,69,38
69_39,69,39
69_40,69,40
69_41,69,41
69_42,69,42
69_43,69,43
69_44,69,44
69_45,69,45
69_46,69,46
69_47,69,47
69_48,69,48
69_49,69,49
69_50,69,50
69_51,69,51
69_52,69,52
69_53,69,53
69_54,69,54
69_55,69,55
69_56,69,56
69_57,69,57
69_58,69,58
69_59,69,59
69_60,69,60
69_61,69,61
69_62,69,62
69_63,69,63
69_64,69,64
69_65,69,65
69_66,69,66
69_67,69,67
69_68,69,68
69_69,69,69
70_0,70,0
70_1,70,1
70_2,70,2
70_3,70,3
70_4,70,4
70_5,70,5
70_6,70,6
70_7,70,7
70_8,70,8
70_9,70,9
70_10,70,10
70_11,70,11
70_12,70,12
70_13,70,13
70_14,70,14
70_15,70,15
70_16,70,16
70_17,70,17
70_18,70,18
70_19,70,19
70_20,70,20
70_21,70,21
70_22,70,22
70_23,70,23
70_24,70,24
70_25,70,25
70_26,70,26
70_27,70,27
70_28,70,28
70_29,70,29
70_30,70,30
70_31,70,31
70_32,70,32
70_33,70,33
70_34,70,34
70_35,70,35
70_36,70,36
70_37,70,37
70_38,70,38
70_39,70,39
70_40,70,40
70_41,70,41
70_42,70,42
70_43,70,43
70_44,70,44
70_45,70,45
70_46,70,46
70_47,70,47
70_48,70,48
70_49,70,49
70_50,70,50
70_51,70,51
70_52,70,52
70_53,70,53
70_54,70,54
70_55,70,55
70_56,70,56
70_57,70,57
70_58,70,58
70_59,70,59
70_60,70,60
70_61,70,61
70_62,70,62
70_63,70,63
70_64,70,64
70_65,70,65
70_66,70,66
70_67,70,67
70_68,70,68
70_69,70,69
70_70,70,70
70_71,70,71
71_1,71,1
71_2,71,2
71_3,71,3
71_4,71,4
71_5,71,5
71_6,71,6
71_7,71,7
71_8,71,8
71_9,71,9
71_10,71,10
71_11,71,11
71_12,71,12
71_13,71,13
71_14,71,14
71_15,71,15
71_16,71,16
71_17,71,17
71_18,71,18
71_19,71,19
71_20,71,20
71_21,71,21
71_22,71,22
71_23,71,23
71_24,71,24
71_25,71,25
71_26,71,26
71_27,71,27
71_28,71,28
71_29,71,29
71_30,71,30
71_31,71,31
71_32,71,32
71_33,71,33
71_34,71,34
71_35,71,35
71_36,71,36
71_37,71,37
71_38,71,38
71_39,71,39
71_40,71,40
71_41,71,41
71_42,71,42
71_43,71,43
71_44,71,44
71_45,71,45
71_46,71,46
71_47,71,47
71_48,71,48
71_49,71,49
71_50,71,50
71_51,71,51
71_52,71,52
71_53,71,53
71_54,71,54
71_55,71,55
71_56,71,56
71_57,71,57
71_58,71,58
71_59,71,59
71_60,71,60
71_61,71,61
71_62,71,62
71_63,71,63
71_64,71,64
71_65,71,65
71_66,71,66
71_67,71,67
71_68,71,68
71_69,71,69
71_70,71,70
71_71,71,71
71_72,71,72
71_73,71,73
72_2,72,2
72_3,72,3
72_4,72,4
72_5,72,5
72_6,72,6
72_7,72,7
72_8,72,8
72_9,72,9
72_10,72,10
72_11,72,11
72_12,72,12
72_13,72,13
72_14,72,14
72_15,72,15
72_16,72,16
72_17,72,17
72_18,72,18
72_19,72,19
72_20,72,20
72_21,72,21
72_22,72,22
72_23,72,23
72_24,72,24
72_25,72,25
72_26,72,26
72_27,72,27
72_28,72,28
72_29,72,29
72_30,72,30
72_31,72,31
72_32,72,32
72_33,72,33
72_34,72,34
72_35,72,35
72_36,72,36
72_37,72,37
72_38,72,38
72_39,72,39
72_40,72,40
72_41,72,41
72_42,72,42
72_43,72,43
72_44,72,44
72_45,72,45
72_46,72,46
72_47,72,47
72_48,72,48
72_49,72,49
72_50,72,50
72_51,72,51
72_52,72,52
72_53,72,53
72_54,72,54
72_55,72,55
72_56,72,56
72_57,72,57
72_58,72,58
72_59,72,59
72_60,72,60
72_61,72,61
72_62,72,62
72_63,72,63
72_64,72,64
72_65,72,65
72_66,72,66
72_67,72,67
72_68,72,68
72_69,72,69
72_70,72,70
72_71,72,71
72_72,72,72
72_73,72,73
72_82,72,82
73_2,73,2
73_3,73,3
73_4,73,4
73_5,73,5
73_6,73,6
73_7,73,7
73_8,73,8
73_9,73,9
73_10,73,10
73_11,73,11
73_12,73,12
73_13,73,13
73_14,73,14
73_15,73,15
73_16,73,16
73_17,73,17
73_18,73,18
73_19,73,19
73_20,73,20
73_21,73,21
73_22,73,22
73_23,73,23
73_24,73,24
73_25,73,25
73_26,73,26
73_27,73,27
73_28,73,28
73_29,73,29
73_30,73,30
73_31,73,31
73_32,73,32
73_33,73,33
73_34,73,34
73_35,73,35
73_36,73,36
73_37,73,37
73_38,73,38
73_39,73,39
73_40,73,40
73_41,73,41
73_42,73,42
73_43,73,43
73_44,73,44
73_45,73,45
73_46,73,46
73_47,73,47
73_48,73,48
73_49,73,49
73_50,73,50
73_51,73,51
73_52,73,52
73_53,73,53
73_54,73,54
73_55,73,55
73_56,73,56
73_57,73,57
73_58,73,58
73_59,73,59
73_60,73,60
73_61,73,61
73_62,73,62
73_63,73,63
73_64,73,64
73_65,73,65
73_66,73,66
73_67,73,67
73_68,73,68
73_69,73,69
73_70,73,70
73_71,73,71
73_72,73,72
73_73,73,73
73_80,73,80
73_81,73,81
73_82,73,82
74_3,74,3
74_4,74,4
74_5,74,5
74_6,74,6
74_7,74,7
74_8,74,8
74_9,74,9
74_10,74,10
74_11,74,11
74_12,74,12
74_13,74,13
74_14,74,14
74_15,74,15
74_16,74,16
74_17,74,17
74_18,74,18
74_19,74,19
74_20,74,20
74_21,74,21
74_22,74,22
74_23,74,23
74_24,74,24
74_25,74,25
74_26,74,26
74_27,74,27
74_28,74,28
74_29,74,29
74_30,74,30
74_31,74,31
74_32,74,32
74_33,74,33
74_34,74,34
74_35,74,35
74_36,74,36
74_37,74,37
74_38,74,38
74_39,74,39
74_40,74,40
74_41,74,41
74_42,74,42
74_43,74,43
74_44,74,44
74_45,74,45
74_46,74,46
74_47,74,47
74_48,74,48
74_49,74,49
74_50,74,50
74_51,74,51
74_52,74,52
74_53,74,53
74_54,74,54
74_55,74,55
74_56,74,56
74_57,74,57
74_58,74,58
74_59,74,59
74_60,74,60
74_61,74,61
74_62,74,62
74_63,74,63
74_64,74,64
74_65,74,65
74_66,74,66
74_67,74,67
74_68,74,68
74_69,74,69
74_70,74,70
74_71,74,71
74_72,74,72
74_73,74,73
74_74,74,74
74_75,74,75
74_79,74,79
74_80,74,80
74_81,74,81
74_82,74,82
74_83,74,83
75_3,75,3
75_4,75,4
75_5,75,5
75_6,75,6
75_7,75,7
75_8,75,8
75_9,75,9
75_10,75,10
75_11,75,11
75_12,75,12
75_13,75,13
75_14,75,14
75_15,75,15
75_16,75,16
75_17,75,17
75_18,75,18
75_19,75,19
75_20,75,20
75_21,75,21
75_22,75,22
75_23,75,23
75_24,75,24
75_25,75,25
75_26,75,26
75_27,75,27
75_28,75,28
75_29,75,29
75_30,75,30
75_31,75,31
75_32,75,32
75_33,75,33
75_34,75,34
75_35,75,35
75_36,75,36
75_37,75,37
75_38,75,38
75_39,75,39
75_40,75,40
75_41,75,41
75_42,75,42
75_43,75,43
75_44,75,44
75_45,75,45
75_46,75,46
75_47,75,47
75_48,75,48
75_49,75,49
75_50,75,50
75_51,75,51
75_52,75,52
75_53,75,53
75_54,75,54
75_55,75,55
75_56,75,56
75_57,75,57
75_58,75,58
75_59,75,59
75_60,75,60
75_61,75,61
75_62,75,62
75_63,75,63
75_64,75,64
75_65,75,65
75_66,75,66
75_67,75,67
75_68,75,68
75_69,75,69
75_70,75,70
75_71,75,71
75_72,75,72
75_73,75,73
75_74,75,74
75_75,75,75
75_76,75,76
75_77,75,77
75_78,75,78
75_79,75,79
75_80,75,80
75_81,75,81
75_82,75,82
75_83,75,83
75_84,75,84
76_3,76,3
76_4,76,4
76_5,76,5
76_6,76,6
76_7,76,7
76_8,76,8
76_9,76,9
76_10,76,10
76_11,76,11
76_12,76,12
76_13,76,13
76_14,76,14
76_15,76,15
76_16,76,16
76_17,76,17
76_18,76,18
76_19,76,19
76_20,76,20
76_21,76,21
76_22,76,22
76_23,76,23
76_24,76,24
76_25,76,25
76_26,76,26
76_27,76,27
76_28,76,28
76_29,76,29
76_30,76,30
76_31,76,31
76_32,76,32
76_33,76,33
76_34,76,34
76_35,76,35
76_36,76,36
76_37,76,37
76_38,76,38
76_39,76,39
76_40,76,40
76_41,76,41
76_42,76,42
76_43,76,43
76_44,76,44
76_45,76,45
76_46,76,46
76_47,76,47
76_48,76,48
76_49,76,49
76_50,76,50
76_51,76,51
76_52,76,52
76_53,76,53
76_54,76,54
76_55,76,55
76_56,76,56
76_57,76,57
76_58,76,58
76_59,76,59
76_60,76,60
76_61,76,61
76_62,76,62
76_63,76,63
76_64,76,64
76_65,76,65
76_66,76,66
76_67,76,67
76_68,76,68
76_69,76,69
76_70,76,70
76_71,76,71
76_72,76,72
76_73,76,73
76_74,76,74
76_75,76,75
76_76,76,76
76_77,76,77
76_78,76,78
76_79,76,79
76_80,76,80
76_81,76,81
76_82,76,82
76_83,76,83
76_84,76,84
76_85,76,85
76_86,76,86
76_87,76,87
76_88,76,88
76_89,76,89
77_3,77,3
77_4,77,4
77_5,77,5
77_6,77,6
77_7,77,7
77_8,77,8
77_9,77,9
77_10,77,10
77_11,77,11
77_12,77,12
77_13,77,13
77_14,77,14
77_15,77,15
77_16,77,16
77_17,77,17
77_18,77,18
77_19,77,19
77_20,77,20
77_21,77,21
77_22,77,22
77_23,77,23
77_24,77,24
77_25,77,25
77_26,77,26
77_27,77,27
77_28,77,28
77_29,77,29
77_30,77,30
77_31,77,31
77_32,77,32
77_33,77,33
77_34,77,34
77_35,77,35
77_36,77,36
77_37,77,37
77_38,77,38
77_39,77,39
77_40,77,40
77_41,77,41
77_42,77,42
77_43,77,43
77_44,77,44
77_45,77,45
77_46,77,46
77_47,77,47
77_48,77,48
77_49,77,49
77_50,77,50
77_51,77,51
77_52,77,52
77_53,77,53
77_54,77,54
77_55,77,55
77_56,77,56
77_57,77,57
77_58,77,58
77_59,77,59
77_60,77,60
77_61,77,61
77_62,77,62
77_63,77,63
77_64,77,64
77_65,77,65
77_66,77,66
77_67,77,67
77_68,77,68
77_69,77,69
77_70,77,70
77_71,77,71
77_72,77,72
77_73,77,73
77_74,77,74
77_75,77,75
77_76,77,76
77_77,77,77
77_78,77,78
77_79,77,79
77_80,77,80
77_81,77,81
77_82,77,82
77_83,77,83
77_84,77,84
77_85,77,85
77_86,77,86
77_87,77,87
77_88,77,88
77_89,77,89
78_5,78,5
78_6,78,6
78_7,78,7
78_8,78,8
78_9,78,9
78_10,78,10
78_11,78,11
78_12,78,12
78_13,78,13
78_14,78,14
78_15,78,15
78_16,78,16
78_17,78,17
78_18,78,18
78_19,78,19
78_20,78,20
78_21,78,21
78_22,78,22
78_23,78,23
78_24,78,24
78_25,78,25
78_26,78,26
78_27,78,27
78_28,78,28
78_29,78,29
78_30,78,30
78_31,78,31
78_32,78,32
78_33,78,33
78_34,78,34
78_35,78,35
78_36,78,36
78_37,78,37
78_38,78,38
78_39,78,39
78_40,78,40
78_41,78,41
78_42,78,42
78_43,78,43
78_44,78,44
78_45,78,45
78_46,78,46
78_47,78,47
78_48,78,48
78_49,78,49
78_50,78,50
78_51,78,51
78_52,78,52
78_53,78,53
78_54,78,54
78_55,78,55
78_56,78,56
78_57,78,57
78_58,78,58
78_59,78,59
78_60,78,60
78_61,78,61
78_62,78,62
78_63,78,63
78_64,78,64
78_65,78,65
78_66,78,66
78_67,78,67
78_68,78,68
78_69,78,69
78_70,78,70
78_71,78,71
78_72,78,72
78_73,78,73
78_74,78,74
78_75,78,75
78_76,78,76
78_77,78,77
78_78,78,78
78_79,78,79
78_80,78,80
78_81,78,81
78_82,78,82
78_83,78,83
78_84,78,84
78_85,78,85
78_86,78,86
78_87,78,87
78_88,78,88
78_89,78,89
78_90,78,90
78_91,78,91
79_7,79,7
79_8,79,8
79_9,79,9
79_10,79,10
79_11,79,11
79_12,79,12
79_13,79,13
79_14,79,14
79_15,79,15
79_16,79,16
79_17,79,17
79_18,79,18
79_19,79,19
79_20,79,20
79_21,79,21
79_22,79,22
79_23,79,23
79_24,79,24
79_25,79,25
79_26,79,26
79_27,79,27
79_28,79,28
79_29,79,29
79_30,79,30
79_31,79,31
79_32,79,32
79_33,79,33
79_34,79,34
79_35,79,35
79_36,79,36
79_37,79,37
79_38,79,38
79_39,79,39
79_40,79,40
79_41,79,41
79_42,79,42
79_43,79,43
79_44,79,44
79_45,79,45
79_46,79,46
79_47,79,47
79_48,79,48
79_49,79,49
79_50,79,50
79_51,79,51
79_52,79,52
79_53,79,53
79_54,79,54
79_55,79,55
79_56,79,56
79_57,79,57
79_58,79,58
79_59,79,59
79_60,79,60
79_61,79,61
79_62,79,62
79_63,79,63
79_64,79,64
79_65,79,65
79_66,79,66
79_67,79,67
79_68,79,68
79_69,79,69
79_70,79,70
79_71,79,71
79_72,79,72
79_73,79,73
79_74,79,74
79_75,79,75
79_76,79,76
79_77,79,77
79_78,79,78
79_79,79,79
79_80,79,80
79_81,79,81
79_82,79,82
79_83,79,83
79_84,79,84
79_85,79,85
79_86,79,86
79_87,79,87
79_88,79,88
79_89,79,89
79_90,79,90
79_91,79,91
79_92,79,92
79_93,79,93
79_94,79,94
80_8,80,8
80_9,80,9
80_10,80,10
80_11,80,11
80_12,80,12
80_13,80,13
80_14,80,14
80_15,80,15
80_16,80,16
80_17,80,17
80_18,80,18
80_19,80,19
80_20,80,20
80_21,80,21
80_22,80,22
80_23,80,23
80_24,80,24
80_25,80,25
80_26,80,26
80_27,80,27
80_28,80,28
80_29,80,29
80_30,80,30
80_31,80,31
80_32,80,32
80_33,80,33
80_34,80,34
80_35,80,35
80_36,80,36
80_37,80,37
80_38,80,38
80_39,80,39
80_40,80,40
80_41,80,41
80_42,80,42
80_43,80,43
80_44,80,44
80_45,80,45
80_46,80,46
80_47,80,47
80_48,80,48
80_49,80,49
80_50,80,50
80_51,80,51
80_52,80,52
80_53,80,53
80_54,80,54
80_55,80,55
80_56,80,56
80_57,80,57
80_58,80,58
80_59,80,59
80_60,80,60
80_61,80,61
80_62,80,62
80_63,80,63
80_64,80,64
80_65,80,65
80_66,80,66
80_67,80,67
80_68,80,68
80_69,80,69
80_70,80,70
80_71,80,71
80_72,80,72
80_73,80,73
80_74,80,74
80_75,80,75
80_76,80,76
80_77,80,77
80_78,80,78
80_79,80,79
80_80,80,80
80_81,80,81
80_82,80,82
80_83,80,83
80_84,80,84
80_85,80,85
80_86,80,86
80_87,80,87
80_88,80,88
80_89,80,89
80_90,80,90
80_91,80,91
80_92,80,92
80_93,80,93
80_94,80,94
81_8,81,8
81_9,81,9
81_10,81,10
81_11,81,11
81_12,81,12
81_13,81,13
81_14,81,14
81_15,81,15
81_16,81,16
81_17,81,17
81_18,81,18
81_19,81,19
81_20,81,20
81_21,81,21
81_22,81,22
81_23,81,23
81_24,81,24
81_25,81,25
81_26,81,26
81_27,81,27
81_28,81,28
81_29,81,29
81_30,81,30
81_31,81,31
81_32,81,32
81_33,81,33
81_34,81,34
81_35,81,35
81_36,81,36
81_37,81,37
81_38,81,38
81_39,81,39
81_40,81,40
81_41,81,41
81_42,81,42
81_43,81,43
81_44,81,44
81_45,81,45
81_46,81,46
81_47,81,47
81_48,81,48
81_49,81,49
81_50,81,50
81_51,81,51
81_52,81,52
81_53,81,53
81_54,81,54
81_55,81,55
81_56,81,56
81_57,81,57
81_58,81,58
81_59,81,59
81_60,81,60
81_61,81,61
81_62,81,62
81_63,81,63
81_64,81,64
81_65,81,65
81_66,81,66
81_67,81,67
81_68,81,68
81_69,81,69
81_70,81,70
81_71,81,71
81_72,81,72
81_73,81,73
81_74,81,74
81_75,81,75
81_76,81,76
81_77,81,77
81_78,81,78
81_79,81,79
81_80,81,80
81_81,81,81
81_82,81,82
81_83,81,83
81_84,81,84
81_85,81,85
81_86,81,86
81_87,81,87
81_88,81,88
81_89,81,89
81_90,81,90
81_91,81,91
81_92,81,92
81_93,81,93
81_94,81,94
82_10,82,10
82_11,82,11
82_12,82,12
82_13,82,13
82_14,82,14
82_15,82,15
82_16,82,16
82_17,82,17
82_18,82,18
82_19,82,19
82_20,82,20
82_21,82,21
82_22,82,22
82_23,82,23
82_24,82,24
82_25,82,25
82_26,82,26
82_27,82,27
82_28,82,28
82_29,82,29
82_30,82,30
82_31,82,31
82_32,82,32
82_33,82,33
82_34,82,34
82_35,82,35
82_36,82,36
82_37,82,37
82_38,82,38
82_39,82,39
82_40,82,40
82_41,82,41
82_42,82,42
82_43,82,43
82_44,82,44
82_45,82,45
82_46,82,46
82_47,82,47
82_48,82,48
82_49,82,49
82_50,82,50
82_51,82,51
82_52,82,52
82_53,82,53
82_54,82,54
82_55,82,55
82_56,82,56
82_57,82,57
82_58,82,58
82_59,82,59
82_60,82,60
82_61,82,61
82_62,82,62
82_63,82,63
82_64,82,64
82_65,82,65
82_66,82,66
82_67,82,67
82_68,82,68
82_69,82,69
82_70,82,70
82_71,82,71
82_72,82,72
82_73,82,73
82_74,82,74
82_75,82,75
82_76,82,76
82_77,82,77
82_78,82,78
82_79,82,79
82_80,82,80
82_81,82,81
82_82,82,82
82_83,82,83
82_84,82,84
82_85,82,85
82_86,82,86
82_87,82,87
82_88,82,88
82_89,82,89
82_90,82,90
82_91,82,91
82_92,82,92
82_93,82,93
82_94,82,94
83_11,83,11
83_12,83,12
83_13,83,13
83_14,83,14
83_15,83,15
83_16,83,16
83_17,83,17
83_18,83,18
83_19,83,19
83_20,83,20
83_21,83,21
83_22,83,22
83_23,83,23
83_24,83,24
83_25,83,25
83_26,83,26
83_27,83,27
83_28,83,28
83_29,83,29
83_30,83,30
83_31,83,31
83_32,83,32
83_33,83,33
83_34,83,34
83_35,83,35
83_36,83,36
83_37,83,37
83_38,83,38
83_39,83,39
83_40,83,40
83_41,83,41
83_42,83,42
83_43,83,43
83_44,83,44
83_45,83,45
83_46,83,46
83_47,83,47
83_48,83,48
83_49,83,49
83_50,83,50
83_51,83,51
83_52,83,52
83_53,83,53
83_54,83,54
83_55,83,55
83_56,83,56
83_57,83,57
83_58,83,58
83_59,83,59
83_60,83,60
83_61,83,61
83_62,83,62
83_63,83,63
83_64,83,64
83_65,83,65
83_66,83,66
83_67,83,67
83_68,83,68
83_69,83,69
83_70,83,70
83_71,83,71
83_72,83,72
83_73,83,73
83_74,83,74
83_75,83,75
83_76,83,76
83_77,83,77
83_78,83,78
83_79,83,79
83_80,83,80
83_81,83,81
83_82,83,82
83_83,83,83
83_84,83,84
83_85,83,85
83_86,83,86
83_87,83,87
83_88,83,88
83_89,83,89
83_90,83,90
83_91,83,91
83_92,83,92
83_93,83,93
83_94,83,94
83_95,83,95
84_12,84,12
84_13,84,13
84_14,84,14
84_15,84,15
84_16,84,16
84_17,84,17
84_18,84,18
84_19,84,19
84_20,84,20
84_21,84,21
84_22,84,22
84_23,84,23
84_24,84,24
84_25,84,25
84_26,84,26
84_27,84,27
84_28,84,28
84_29,84,29
84_30,84,30
84_31,84,31
84_32,84,32
84_33,84,33
84_34,84,34
84_35,84,35
84_36,84,36
84_37,84,37
84_38,84,38
84_39,84,39
84_40,84,40
84_41,84,41
84_42,84,42
84_43,84,43
84_44,84,44
84_45,84,45
84_46,84,46
84_47,84,47
84_48,84,48
84_49,84,49
84_50,84,50
84_51,84,51
84_52,84,52
84_53,84,53
84_54,84,54
84_55,84,55
84_56,84,56
84_57,84,57
84_58,84,58
84_59,84,59
84_60,84,60
84_61,84,61
84_62,84,62
84_63,84,63
84_64,84,64
84_65,84,65
84_66,84,66
84_67,84,67
84_68,84,68
84_69,84,69
84_70,84,70
84_71,84,71
84_72,84,72
84_73,84,73
84_74,84,74
84_75,84,75
84_76,84,76
84_77,84,77
84_78,84,78
84_79,84,79
84_80,84,80
84_81,84,81
84_82,84,82
84_83,84,83
84_84,84,84
84_85,84,85
84_86,84,86
84_87,84,87
84_88,84,88
84_89,84,89
84_90,84,90
84_91,84,91
84_92,84,92
84_93,84,93
84_94,84,94
84_95,84,95
84_96,84,96
85_13,85,13
85_14,85,14
85_15,85,15
85_16,85,16
85_17,85,17
85_18,85,18
85_19,85,19
85_20,85,20
85_21,85,21
85_22,85,22
85_23,85,23
85_24,85,24
85_25,85,25
85_26,85,26
85_27,85,27
85_28,85,28
85_29,85,29
85_30,85,30
85_31,85,31
85_32,85,32
85_33,85,33
85_34,85,34
85_35,85,35
85_36,85,36
85_37,85,37
85_38,85,38
85_39,85,39
85_40,85,40
85_41,85,41
85_42,85,42
85_43,85,43
85_44,85,44
85_45,85,45
85_46,85,46
85_47,85,47
85_48,85,48
85_49,85,49
85_50,85,50
85_51,85,51
85_52,85,52
85_53,85,53
85_54,85,54
85_55,85,55
85_56,85,56
85_57,85,57
85_58,85,58
85_59,85,59
85_60,85,60
85_61,85,61
85_62,85,62
85_63,85,63
85_64,85,64
85_65,85,65
85_66,85,66
85_67,85,67
85_68,85,68
85_69,85,69
85_70,85,70
85_71,85,71
85_72,85,72
85_73,85,73
85_74,85,74
85_75,85,75
85_76,85,76
85_77,85,77
85_78,85,78
85_79,85,79
85_80,85,80
85_81,85,81
85_82,85,82
85_83,85,83
85_84,85,84
85_85,85,85
85_86,85,86
85_87,85,87
85_88,85,88
85_89,85,89
85_90,85,90
85_91,85,91
85_92,85,92
85_93,85,93
85_94,85,94
85_95,85,95
85_96,85,96
86_12,86,12
86_13,86,13
86_14,86,14
86_15,86,15
86_16,86,16
86_17,86,17
86_18,86,18
86_19,86,19
86_20,86,20
86_21,86,21
86_22,86,22
86_23,86,23
86_24,86,24
86_25,86,25
86_26,86,26
86_27,86,27
86_28,86,28
86_29,86,29
86_30,86,30
86_31,86,31
86_32,86,32
86_33,86,33
86_34,86,34
86_35,86,35
86_36,86,36
86_37,86,37
86_38,86,38
86_39,86,39
86_40,86,40
86_41,86,41
86_42,86,42
86_43,86,43
86_44,86,44
86_45,86,45
86_46,86,46
86_47,86,47
86_48,86,48
86_49,86,49
86_50,86,50
86_51,86,51
86_52,86,52
86_53,86,53
86_54,86,54
86_55,86,55
86_56,86,56
86_57,86,57
86_58,86,58
86_59,86,59
86_60,86,60
86_61,86,61
86_62,86,62
86_63,86,63
86_64,86,64
86_65,86,65
86_66,86,66
86_67,86,67
86_68,86,68
86_69,86,69
86_70,86,70
86_71,86,71
86_72,86,72
86_73,86,73
86_74,86,74
86_75,86,75
86_76,86,76
86_77,86,77
86_78,86,78
86_79,86,79
86_80,86,80
86_81,86,81
86_82,86,82
86_83,86,83
86_84,86,84
86_85,86,85
86_86,86,86
86_87,86,87
86_88,86,88
86_89,86,89
86_90,86,90
86_91,86,91
86_92,86,92
86_93,86,93
86_94,86,94
86_95,86,95
86_96,86,96
87_12,87,12
87_13,87,13
87_14,87,14
87_15,87,15
87_16,87,16
87_17,87,17
87_18,87,18
87_19,87,19
87_20,87,20
87_21,87,21
87_22,87,22
87_23,87,23
87_24,87,24
87_25,87,25
87_26,87,26
87_27,87,27
87_28,87,28
87_29,87,29
87_30,87,30
87_31,87,31
87_32,87,32
87_33,87,33
87_34,87,34
87_35,87,35
87_36,87,36
87_37,87,37
87_38,87,38
87_39,87,39
87_40,87,40
87_41,87,41
87_42,87,42
87_43,87,43
87_44,87,44
87_45,87,45
87_46,87,46
87_47,87,47
87_48,87,48
87_49,87,49
87_50,87,50
87_51,87,51
87_52,87,52
87_53,87,53
87_54,87,54
87_55,87,55
87_56,87,56
87_57,87,57
87_58,87,58
87_59,87,59
87_60,87,60
87_61,87,61
87_62,87,62
87_63,87,63
87_64,87,64
87_65,87,65
87_66,87,66
87_67,87,67
87_68,87,68
87_69,87,69
87_70,87,70
87_71,87,71
87_72,87,72
87_73,87,73
87_74,87,74
87_75,87,75
87_76,87,76
87_77,87,77
87_78,87,78
87_79,87,79
87_80,87,80
87_81,87,81
87_82,87,82
87_83,87,83
87_84,87,84
87_85,87,85
87_86,87,86
87_87,87,87
87_88,87,88
87_89,87,89
87_90,87,90
87_91,87,91
87_92,87,92
87_93,87,93
87_94,87,94
87_95,87,95
87_96,87,96
88_12,88,12
88_13,88,13
88_14,88,14
88_15,88,15
88_16,88,16
88_17,88,17
88_18,88,18
88_19,88,19
88_20,88,20
88_21,88,21
88_22,88,22
88_23,88,23
88_24,88,24
88_25,88,25
88_26,88,26
88_27,88,27
88_28,88,28
88_29,88,29
88_30,88,30
88_31,88,31
88_32,88,32
88_33,88,33
88_34,88,34
88_35,88,35
88_36,88,36
88_37,88,37
88_38,88,38
88_39,88,39
88_40,88,40
88_41,88,41
88_42,88,42
88_43,88,43
88_44,88,44
88_45,88,45
88_46,88,46
88_47,88,47
88_48,88,48
88_49,88,49
88_50,88,50
88_51,88,51
88_52,88,52
88_53,88,53
88_54,88,54
88_55,88,55
88_56,88,56
88_57,88,57
88_58,88,58
88_59,88,59
88_60,88,60
88_61,88,61
88_62,88,62
88_63,88,63
88_64,88,64
88_65,88,65
88_66,88,66
88_67,88,67
88_68,88,68
88_69,88,69
88_70,88,70
88_71,88,71
88_72,88,72
88_73,88,73
88_74,88,74
88_75,88,75
88_76,88,76
88_77,88,77
88_78,88,78
88_79,88,79
88_80,88,80
88_81,88,81
88_82,88,82
88_83,88,83
88_84,88,84
88_85,88,85
88_86,88,86
88_87,88,87
88_88,88,88
88_89,88,89
88_90,88,90
88_91,88,91
88_92,88,92
88_93,88,93
88_94,88,94
88_95,88,95
88_96,88,96
89_10,89,10
89_11,89,11
89_12,89,12
89_13,89,13
89_14,89,14
89_15,89,15
89_16,89,16
89_17,89,17
89_18,89,18
89_19,89,19
89_20,89,20
89_21,89,21
89_22,89,22
89_23,89,23
89_24,89,24
89_25,89,25
89_26,89,26
89_27,89,27
89_28,89,28
89_29,89,29
89_30,89,30
89_31,89,31
89_32,89,32
89_33,89,33
89_34,89,34
89_35,89,35
89_36,89,36
89_37,89,37
89_38,89,38
89_39,89,39
89_40,89,40
89_41,89,41
89_42,89,42
89_43,89,43
89_44,89,44
89_45,89,45
89_46,89,46
89_47,89,47
89_48,89,48
89_49,89,49
89_50,89,50
89_51,89,51
89_52,89,52
89_53,89,53
89_54,89,54
89_55,89,55
89_56,89,56
89_57,89,57
89_58,89,58
89_59,89,59
89_60,89,60
89_61,89,61
89_62,89,62
89_63,89,63
89_64,89,64
89_65,89,65
89_66,89,66
89_67,89,67
89_68,89,68
89_69,89,69
89_70,89,70
89_71,89,71
89_72,89,72
89_73,89,73
89_74,89,74
89_75,89,75
89_76,89,76
89_77,89,77
89_78,89,78
89_79,89,79
89_80,89,80
89_81,89,81
89_82,89,82
89_83,89,83
89_84,89,84
89_85,89,85
89_86,89,86
89_87,89,87
89_88,89,88
89_89,89,89
89_90,89,90
89_91,89,91
89_92,89,92
89_93,89,93
89_94,89,94
89_95,89,95
90_10,90,10
90_11,90,11
90_12,90,12
90_13,90,13
90_14,90,14
90_15,90,15
90_16,90,16
90_17,90,17
90_18,90,18
90_19,90,19
90_20,90,20
90_21,90,21
90_22,90,22
90_23,90,23
90_24,90,24
90_25,90,25
90_26,90,26
90_27,90,27
90_28,90,28
90_29,90,29
90_30,90,30
90_31,90,31
90_32,90,32
90_33,90,33
90_34,90,34
90_35,90,35
90_36,90,36
90_37,90,37
90_38,90,38
90_39,90,39
90_40,90,40
90_41,90,41
90_42,90,42
90_43,90,43
90_44,90,44
90_45,90,45
90_46,90,46
90_47,90,47
90_48,90,48
90_49,90,49
90_50,90,50
90_51,90,51
90_52,90,52
90_53,90,53
90_54,90,54
90_55,90,55
90_56,90,56
90_57,90,57
90_58,90,58
90_59,90,59
90_60,90,60
90_61,90,61
90_62,90,62
90_63,90,63
90_64,90,64
90_65,90,65
90_66,90,66
90_67,90,67
90_68,90,68
90_69,90,69
90_70,90,70
90_71,90,71
90_72,90,72
90_73,90,73
90_74,90,74
90_75,90,75
90_76,90,76
90_77,90,77
90_78,90,78
90_79,90,79
90_80,90,80
90_81,90,81
90_82,90,82
90_83,90,83
90_84,90,84
90_85,90,85
90_86,90,86
90_87,90,87
90_88,90,88
90_89,90,89
90_90,90,90
90_91,90,91
90_92,90,92
90_93,90,93
90_94,90,94
90_95,90,95
91_11,91,11
91_12,91,12
91_13,91,13
91_14,91,14
91_15,91,15
91_16,91,16
91_17,91,17
91_18,91,18
91_19,91,19
91_20,91,20
91_21,91,21
91_22,91,22
91_23,91,23
91_24,91,24
91_25,91,25
91_26,91,26
91_27,91,27
91_28,91,28
91_29,91,29
91_30,91,30
91_31,91,31
91_32,91,32
91_33,91,33
91_34,91,34
91_35,91,35
91_36,91,36
91_37,91,37
91_38,91,38
91_39,91,39
91_40,91,40
91_41,91,41
91_42,91,42
91_43,91,43
91_44,91,44
91_45,91,45
91_46,91,46
91_47,91,47
91_48,91,48
91_49,91,49
91_50,91,50
91_51,91,51
91_52,91,52
91_53,91,53
91_54,91,54
91_55,91,55
91_56,91,56
91_57,91,57
91_58,91,58
91_59,91,59
91_60,91,60
91_61,91,61
91_62,91,62
91_63,91,63
91_64,91,64
91_65,91,65
91_66,91,66
91_67,91,67
91_68,91,68
91_69,91,69
91_70,91,70
91_71,91,71
91_72,91,72
91_73,91,73
91_74,91,74
91_75,91,75
91_76,91,76
91_77,91,77
91_78,91,78
91_79,91,79
91_80,91,80
91_81,91,81
91_82,91,82
91_83,91,83
91_84,91,84
91_85,91,85
91_86,91,86
91_87,91,87
91_88,91,88
91_89,91,89
91_90,91,90
91_91,91,91
91_92,91,92
91_93,91,93
91_94,91,94
91_95,91,95
92_11,92,11
92_12,92,12
92_13,92,13
92_14,92,14
92_15,92,15
92_16,92,16
92_17,92,17
92_18,92,18
92_19,92,19
92_20,92,20
92_21,92,21
92_22,92,22
92_23,92,23
92_24,92,24
92_25,92,25
92_26,92,26
92_27,92,27
92_28,92,28
92_29,92,29
92_30,92,30
92_31,92,31
92_32,92,32
92_33,92,33
92_34,92,34
92_35,92,35
92_36,92,36
92_37,92,37
92_38,92,38
92_39,92,39
92_40,92,40
92_41,92,41
92_42,92,42
92_43,92,43
92_44,92,44
92_45,92,45
92_46,92,46
92_47,92,47
92_48,92,48
92_49,92,49
92_50,92,50
92_51,92,51
92_52,92,52
92_53,92,53
92_54,92,54
92_55,92,55
92_56,92,56
92_57,92,57
92_58,92,58
92_59,92,59
92_60,92,60
92_61,92,61
92_62,92,62
92_63,92,63
92_64,92,64
92_65,92,65
92_66,92,66
92_67,92,67
92_68,92,68
92_69,92,69
92_70,92,70
92_71,92,71
92_72,92,72
92_73,92,73
92_74,92,74
92_75,92,75
92_76,92,76
92_77,92,77
92_78,92,78
92_79,92,79
92_80,92,80
92_81,92,81
92_82,92,82
92_83,92,83
92_84,92,84
92_85,92,85
92_86,92,86
92_87,92,87
92_88,92,88
92_89,92,89
92_90,92,90
92_91,92,91
92_92,92,92
92_93,92,93
92_94,92,94
92_95,92,95
93_11,93,11
93_12,93,12
93_13,93,13
93_14,93,14
93_15,93,15
93_16,93,16
93_17,93,17
93_18,93,18
93_19,93,19
93_20,93,20
93_21,93,21
93_22,93,22
93_23,93,23
93_24,93,24
93_25,93,25
93_26,93,26
93_27,93,27
93_28,93,28
93_29,93,29
93_30,93,30
93_31,93,31
93_32,93,32
93_33,93,33
93_34,93,34
93_35,93,35
93_36,93,36
93_37,93,37
93_38,93,38
93_39,93,39
93_40,93,40
93_41,93,41
93_42,93,42
93_43,93,43
93_44,93,44
93_45,93,45
93_46,93,46
93_47,93,47
93_48,93,48
93_49,93,49
93_50,93,50
93_51,93,51
93_52,93,52
93_53,93,53
93_54,93,54
93_55,93,55
93_56,93,56
93_57,93,57
93_58,93,58
93_59,93,59
93_60,93,60
93_61,93,61
93_62,93,62
93_63,93,63
93_64,93,64
93_65,93,65
93_66,93,66
93_67,93,67
93_68,93,68
93_69,93,69
93_70,93,70
93_71,93,71
93_72,93,72
93_73,93,73
93_74,93,74
93_75,93,75
93_76,93,76
93_77,93,77
93_78,93,78
93_79,93,79
93_80,93,80
93_81,93,81
93_82,93,82
93_83,93,83
93_84,93,84
93_85,93,85
93_86,93,86
93_87,93,87
93_88,93,88
93_89,93,89
93_90,93,90
93_91,93,91
93_92,93,92
93_93,93,93
93_94,93,94
93_95,93,95
94_11,94,11
94_12,94,12
94_13,94,13
94_14,94,14
94_15,94,15
94_16,94,16
94_17,94,17
94_18,94,18
94_19,94,19
94_20,94,20
94_21,94,21
94_22,94,22
94_23,94,23
94_24,94,24
94_25,94,25
94_26,94,26
94_27,94,27
94_28,94,28
94_29,94,29
94_30,94,30
94_31,94,31
94_32,94,32
94_33,94,33
94_34,94,34
94_35,94,35
94_36,94,36
94_37,94,37
94_38,94,38
94_39,94,39
94_40,94,40
94_41,94,41
94_42,94,42
94_43,94,43
94_44,94,44
94_45,94,45
94_46,94,46
94_47,94,47
94_48,94,48
94_49,94,49
94_50,94,50
94_51,94,51
94_52,94,52
94_53,94,53
94_54,94,54
94_55,94,55
94_56,94,56
94_57,94,57
94_58,94,58
94_59,94,59
94_60,94,60
94_61,94,61
94_62,94,62
94_63,94,63
94_64,94,64
94_65,94,65
94_66,94,66
94_67,94,67
94_68,94,68
94_69,94,69
94_70,94,70
94_71,94,71
94_72,94,72
94_73,94,73
94_74,94,74
94_75,94,75
94_76,94,76
94_77,94,77
94_78,94,78
94_79,94,79
94_80,94,80
94_81,94,81
94_82,94,82
94_83,94,83
94_84,94,84
94_85,94,85
94_86,94,86
94_87,94,87
94_88,94,88
94_89,94,89
94_90,94,90
94_91,94,91
94_92,94,92
94_93,94,93
94_94,94,94
95_11,95,11
95_12,95,12
95_13,95,13
95_14,95,14
95_15,95,15
95_16,95,16
95_17,95,17
95_18,95,18
95_19,95,19
95_20,95,20
95_21,95,21
95_22,95,22
95_23,95,23
95_24,95,24
95_25,95,25
95_26,95,26
95_27,95,27
95_28,95,28
95_29,95,29
95_30,95,30
95_31,95,31
95_32,95,32
95_33,95,33
95_34,95,34
95_35,95,35
95_36,95,36
95_37,95,37
95_38,95,38
95_39,95,39
95_40,95,40
95_41,95,41
95_42,95,42
95_43,95,43
95_44,95,44
95_45,95,45
95_46,95,46
95_47,95,47
95_48,95,48
95_49,95,49
95_50,95,50
95_51,95,51
95_52,95,52
95_53,95,53
95_54,95,54
95_55,95,55
95_56,95,56
95_57,95,57
95_58,95,58
95_59,95,59
95_60,95,60
95_61,95,61
95_62,95,62
95_63,95,63
95_64,95,64
95_65,95,65
95_66,95,66
95_67,95,67
95_68,95,68
95_69,95,69
95_70,95,70
95_71,95,71
95_72,95,72
95_73,95,73
95_74,95,74
95_75,95,75
95_76,95,76
95_77,95,77
95_78,95,78
95_79,95,79
95_80,95,80
95_81,95,81
95_82,95,82
95_83,95,83
95_84,95,84
95_85,95,85
95_86,95,86
95_87,95,87
95_88,95,88
95_89,95,89
95_90,95,90
95_91,95,91
95_92,95,92
95_93,95,93
95_94,95,94
96_10,96,10
96_11,96,11
96_12,96,12
96_13,96,13
96_14,96,14
96_15,96,15
96_16,96,16
96_17,96,17
96_18,96,18
96_19,96,19
96_20,96,20
96_21,96,21
96_22,96,22
96_23,96,23
96_24,96,24
96_25,96,25
96_26,96,26
96_27,96,27
96_28,96,28
96_29,96,29
96_30,96,30
96_31,96,31
96_32,96,32
96_33,96,33
96_34,96,34
96_35,96,35
96_36,96,36
96_37,96,37
96_38,96,38
96_39,96,39
96_40,96,40
96_41,96,41
96_42,96,42
96_43,96,43
96_44,96,44
96_45,96,45
96_46,96,46
96_47,96,47
96_48,96,48
96_49,96,49
96_50,96,50
96_51,96,51
96_52,96,52
96_53,96,53
96_54,96,54
96_55,96,55
96_56,96,56
96_57,96,57
96_58,96,58
96_59,96,59
96_60,96,60
96_61,96,61
96_62,96,62
96_63,96,63
96_64,96,64
96_65,96,65
96_66,96,66
96_67,96,67
96_68,96,68
96_69,96,69
96_70,96,70
96_71,96,71
96_72,96,72
96_73,96,73
96_74,96,74
96_75,96,75
96_76,96,76
96_77,96,77
96_78,96,78
96_79,96,79
96_80,96,80
96_81,96,81
96_82,96,82
96_83,96,83
96_84,96,84
96_85,96,85
96_86,96,86
96_87,96,87
96_88,96,88
96_89,96,89
96_90,96,90
96_91,96,91
96_92,96,92
96_93,96,93
97_9,97,9
97_10,97,10
97_11,97,11
97_12,97,12
97_13,97,13
97_14,97,14
97_15,97,15
97_16,97,16
97_17,97,17
97_18,97,18
97_19,97,19
97_20,97,20
97_21,97,21
97_22,97,22
97_23,97,23
97_24,97,24
97_25,97,25
97_26,97,26
97_27,97,27
97_28,97,28
97_29,97,29
97_30,97,30
97_31,97,31
97_32,97,32
97_33,97,33
97_34,97,34
97_35,97,35
97_36,97,36
97_37,97,37
97_38,97,38
97_39,97,39
97_40,97,40
97_41,97,41
97_42,97,42
97_43,97,43
97_44,97,44
97_45,97,45
97_46,97,46
97_47,97,47
97_48,97,48
97_49,97,49
97_50,97,50
97_51,97,51
97_52,97,52
97_53,97,53
97_54,97,54
97_55,97,55
97_56,97,56
97_57,97,57
97_58,97,58
97_59,97,59
97_60,97,60
97_61,97,61
97_62,97,62
97_63,97,63
97_64,97,64
97_65,97,65
97_66,97,66
97_67,97,67
97_68,97,68
97_69,97,69
97_70,97,70
97_71,97,71
97_72,97,72
97_73,97,73
97_74,97,74
97_75,97,75
97_76,97,76
97_77,97,77
97_78,97,78
97_79,97,79
97_80,97,80
97_81,97,81
97_82,97,82
97_83,97,83
97_84,97,84
97_85,97,85
97_86,97,86
97_87,97,87
97_88,97,88
97_89,97,89
97_90,97,90
97_91,97,91
97_92,97,92
98_8,98,8
98_9,98,9
98_10,98,10
98_11,98,11
98_12,98,12
98_13,98,13
98_14,98,14
98_15,98,15
98_16,98,16
98_17,98,17
98_18,98,18
98_19,98,19
98_20,98,20
98_21,98,21
98_22,98,22
98_23,98,23
98_24,98,24
98_25,98,25
98_26,98,26
98_27,98,27
98_28,98,28
98_29,98,29
98_30,98,30
98_31,98,31
98_32,98,32
98_33,98,33
98_34,98,34
98_35,98,35
98_36,98,36
98_37,98,37
98_38,98,38
98_39,98,39
98_40,98,40
98_41,98,41
98_42,98,42
98_43,98,43
98_44,98,44
98_45,98,45
98_46,98,46
98_47,98,47
98_48,98,48
98_49,98,49
98_50,98,50
98_51,98,51
98_52,98,52
98_53,98,53
98_54,98,54
98_55,98,55
98_56,98,56
98_57,98,57
98_58,98,58
98_59,98,59
98_60,98,60
98_61,98,61
98_62,98,62
98_63,98,63
98_64,98,64
98_65,98,65
98_66,98,66
98_67,98,67
98_68,98,68
98_69,98,69
98_70,98,70
98_71,98,71
98_72,98,72
98_73,98,73
98_74,98,74
98_75,98,75
98_76,98,76
98_77,98,77
98_78,98,78
98_79,98,79
98_80,98,80
98_81,98,81
98_82,98,82
98_83,98,83
98_84,98,84
98_85,98,85
98_86,98,86
98_87,98,87
98_88,98,88
98_89,98,89
98_90,98,90
98_91,98,91
99_8,99,8
99_9,99,9
99_10,99,10
99_11,99,11
99_12,99,12
99_13,99,13
99_14,99,14
99_15,99,15
99_16,99,16
99_17,99,17
99_18,99,18
99_19,99,19
99_20,99,20
99_21,99,21
99_22,99,22
99_23,99,23
99_24,99,24
99_25,99,25
99_26,99,26
99_27,99,27
99_28,99,28
99_29,99,29
99_30,99,30
99_31,99,31
99_32,99,32
99_33,99,33
99_34,99,34
99_35,99,35
99_36,99,36
99_37,99,37
99_38,99,38
99_39,99,39
99_40,99,40
99_41,99,41
99_42,99,42
99_43,99,43
99_44,99,44
99_45,99,45
99_46,99,46
99_47,99,47
99_48,99,48
99_49,99,49
99_50,99,50
99_51,99,51
99_52,99,52
99_53,99,53
99_54,99,54
99_55,99,55
99_56,99,56
99_57,99,57
99_58,99,58
99_59,99,59
99_60,99,60
99_61,99,61
99_62,99,62
99_63,99,63
99_64,99,64
99_65,99,65
99_66,99,66
99_67,99,67
99_68,99,68
99_69,99,69
99_70,99,70
99_71,99,71
99_72,99,72
99_73,99,73
99_74,99,74
99_75,99,75
99_76,99,76
99_77,99,77
99_78,99,78
99_79,99,79
99_80,99,80
99_81,99,81
99_82,99,82
99_83,99,83
99_84,99,84
99_85,99,85
99_86,99,86
99_87,99,87
99_88,99,88
99_89,99,89
99_90,99,90
100_8,100,8
100_9,100,9
100_10,100,10
100_11,100,11
100_12,100,12
100_13,100,13
100_14,100,14
100_15,100,15
100_16,100,16
100_17,100,17
100_18,100,18
100_19,100,19
100_20,100,20
100_21,100,21
100_22,100,22
100_23,100,23
100_24,100,24
100_25,100,25
100_26,100,26
100_27,100,27
100_28,100,28
100_29,100,29
100_30,100,30
100_31,100,31
100_32,100,32
100_33,100,33
100_34,100,34
100_35,100,35
100_36,100,36
100_37,100,37
100_38,100,38
100_39,100,39
100_40,100,40
100_41,100,41
100_42,100,42
100_43,100,43
100_44,100,44
100_45,100,45
100_46,100,46
100_47,100,47
100_48,100,48
100_49,100,49
100_50,100,50
100_51,100,51
100_52,100,52
100_53,100,53
100_54,100,54
100_55,100,55
100_56,100,56
100_57,100,57
100_58,100,58
100_59,100,59
100_60,100,60
100_61,100,61
100_62,100,62
100_63,100,63
100_64,100,64
100_65,100,65
100_66,100,66
100_67,100,67
100_68,100,68
100_69,100,69
100_70,100,70
100_71,100,71
100_72,100,72
100_73,100,73
100_74,100,74
100_75,100,75
100_76,100,76
100_77,100,77
100_78,100,78
100_79,100,79
100_80,100,80
100_81,100,81
100_82,100,82
100_83,100,83
100_84,100,84
100_85,100,85
100_86,100,86
100_87,100,87
100_88,100,88
101_8,101,8
101_9,101,9
101_10,101,10
101_11,101,11
101_12,101,12
101_13,101,13
101_14,101,14
101_15,101,15
101_16,101,16
101_17,101,17
101_18,101,18
101_19,101,19
101_20,101,20
101_21,101,21
101_22,101,22
101_23,101,23
101_24,101,24
101_25,101,25
101_26,101,26
101_27,101,27
101_28,101,28
101_29,101,29
101_30,101,30
101_31,101,31
101_32,101,32
101_33,101,33
101_34,101,34
101_35,101,35
101_36,101,36
101_37,101,37
101_38,101,38
101_39,101,39
101_40,101,40
101_41,101,41
101_42,101,42
101_43,101,43
101_44,101,44
101_45,101,45
101_46,101,46
101_47,101,47
101_48,101,48
101_49,101,49
101_50,101,50
101_51,101,51
101_52,101,52
101_53,101,53
101_54,101,54
101_55,101,55
101_56,101,56
101_57,101,57
101_58,101,58
101_59,101,59
101_60,101,60
101_61,101,61
101_62,101,62
101_63,101,63
101_64,101,64
101_65,101,65
101_66,101,66
101_67,101,67
101_68,101,68
101_69,101,69
101_70,101,70
101_71,101,71
101_72,101,72
101_73,101,73
101_74,101,74
101_75,101,75
101_76,101,76
101_77,101,77
101_78,101,78
101_79,101,79
101_80,101,80
101_81,101,81
101_82,101,82
101_83,101,83
101_84,101,84
101_85,101,85
101_86,101,86
101_87,101,87
101_88,101,88
102_8,102,8
102_9,102,9
102_10,102,10
102_11,102,11
102_12,102,12
102_13,102,13
102_14,102,14
102_15,102,15
102_16,102,16
102_17,102,17
102_18,102,18
102_19,102,19
102_20,102,20
102_21,102,21
102_22,102,22
102_23,102,23
102_24,102,24
102_25,102,25
102_26,102,26
102_27,102,27
102_28,102,28
102_29,102,29
102_30,102,30
102_31,102,31
102_32,102,32
102_33,102,33
102_34,102,34
102_35,102,35
102_36,102,36
102_37,102,37
102_38,102,38
102_39,102,39
102_40,102,40
102_41,102,41
102_42,102,42
102_43,102,43
102_44,102,44
102_45,102,45
102_46,102,46
102_47,102,47
102_48,102,48
102_49,102,49
102_50,102,50
102_51,102,51
102_52,102,52
102_53,102,53
102_54,102,54
102_55,102,55
102_56,102,56
102_57,102,57
102_58,102,58
102_59,102,59
102_60,102,60
102_61,102,61
102_62,102,62
102_63,102,63
102_64,102,64
102_65,102,65
102_66,102,66
102_67,102,67
102_68,102,68
102_69,102,69
102_70,102,70
102_71,102,71
102_72,102,72
102_73,102,73
102_74,102,74
102_75,102,75
102_76,102,76
102_77,102,77
102_78,102,78
102_79,102,79
102_80,102,80
102_81,102,81
102_82,102,82
102_83,102,83
102_84,102,84
102_85,102,85
102_86,102,86
102_87,102,87
102_88,102,88
103_8,103,8
103_9,103,9
103_10,103,10
103_11,103,11
103_12,103,12
103_13,103,13
103_14,103,14
103_15,103,15
103_16,103,16
103_17,103,17
103_18,103,18
103_19,103,19
103_20,103,20
103_21,103,21
103_22,103,22
103_23,103,23
103_24,103,24
103_25,103,25
103_26,103,26
103_27,103,27
103_28,103,28
103_29,103,29
103_30,103,30
103_31,103,31
103_32,103,32
103_33,103,33
103_34,103,34
103_35,103,35
103_36,103,36
103_37,103,37
103_38,103,38
103_39,103,39
103_40,103,40
103_41,103,41
103_42,103,42
103_43,103,43
103_44,103,44
103_45,103,45
103_46,103,46
103_47,103,47
103_48,103,48
103_49,103,49
103_50,103,50
103_51,103,51
103_52,103,52
103_53,103,53
103_54,103,54
103_55,103,55
103_56,103,56
103_57,103,57
103_58,103,58
103_59,103,59
103_60,103,60
103_61,103,61
103_62,103,62
103_63,103,63
103_64,103,64
103_65,103,65
103_66,103,66
103_67,103,67
103_68,103,68
103_69,103,69
103_70,103,70
103_71,103,71
103_72,103,72
103_73,103,73
103_74,103,74
103_75,103,75
103_76,103,76
103_77,103,77
103_78,103,78
103_79,103,79
103_80,103,80
103_81,103,81
103_82,103,82
103_83,103,83
103_84,103,84
103_85,103,85
103_86,103,86
103_87,103,87
104_10,104,10
104_11,104,11
104_12,104,12
104_13,104,13
104_14,104,14
104_15,104,15
104_16,104,16
104_17,104,17
104_18,104,18
104_19,104,19
104_20,104,20
104_21,104,21
104_22,104,22
104_23,104,23
104_24,104,24
104_25,104,25
104_26,104,26
104_27,104,27
104_28,104,28
104_29,104,29
104_30,104,30
104_31,104,31
104_32,104,32
104_33,104,33
104_34,104,34
104_35,104,35
104_36,104,36
104_37,104,37
104_38,104,38
104_39,104,39
104_40,104,40
104_41,104,41
104_42,104,42
104_43,104,43
104_44,104,44
104_45,104,45
104_46,104,46
104_47,104,47
104_48,104,48
104_49,104,49
104_50,104,50
104_51,104,51
104_52,104,52
104_53,104,53
104_54,104,54
104_55,104,55
104_56,104,56
104_57,104,57
104_58,104,58
104_59,104,59
104_60,104,60
104_61,104,61
104_62,104,62
104_63,104,63
104_64,104,64
104_65,104,65
104_66,104,66
104_67,104,67
104_68,104,68
104_69,104,69
104_70,104,70
104_71,104,71
104_72,104,72
104_73,104,73
104_74,104,74
104_75,104,75
104_76,104,76
104_77,104,77
104_78,104,78
104_79,104,79
104_80,104,80
104_81,104,81
104_82,104,82
104_83,104,83
104_84,104,84
104_85,104,85
104_86,104,86
104_87,104,87
104_88,104,88
105_12,105,12
105_13,105,13
105_14,105,14
105_15,105,15
105_16,105,16
105_17,105,17
105_18,105,18
105_19,105,19
105_20,105,20
105_21,105,21
105_22,105,22
105_23,105,23
105_24,105,24
105_25,105,25
105_26,105,26
105_27,105,27
105_28,105,28
105_29,105,29
105_30,105,30
105_31,105,31
105_32,105,32
105_33,105,33
105_34,105,34
105_35,105,35
105_36,105,36
105_37,105,37
105_38,105,38
105_39,105,39
105_40,105,40
105_41,105,41
105_42,105,42
105_43,105,43
105_44,105,44
105_45,105,45
105_46,105,46
105_47,105,47
105_48,105,48
105_49,105,49
105_50,105,50
105_51,105,51
105_52,105,52
105_53,105,53
105_54,105,54
105_55,105,55
105_56,105,56
105_57,105,57
105_58,105,58
105_59,105,59
105_60,105,60
105_61,105,61
105_62,105,62
105_63,105,63
105_64,105,64
105_65,105,65
105_66,105,66
105_67,105,67
105_68,105,68
105_69,105,69
105_70,105,70
105_71,105,71
105_72,105,72
105_73,105,73
105_74,105,74
105_75,105,75
105_76,105,76
105_77,105,77
105_78,105,78
105_79,105,79
105_80,105,80
105_81,105,81
105_82,105,82
105_83,105,83
105_84,105,84
105_85,105,85
105_86,105,86
105_87,105,87
105_88,105,88
105_89,105,89
105_90,105,90
106_14,106,14
106_15,106,15
106_16,106,16
106_17,106,17
106_18,106,18
106_19,106,19
106_20,106,20
106_21,106,21
106_22,106,22
106_23,106,23
106_24,106,24
106_25,106,25
106_26,106,26
106_27,106,27
106_28,106,28
106_29,106,29
106_30,106,30
106_31,106,31
106_32,106,32
106_33,106,33
106_34,106,34
106_35,106,35
106_36,106,36
106_37,106,37
106_38,106,38
106_39,106,39
106_40,106,40
106_41,106,41
106_42,106,42
106_43,106,43
106_44,106,44
106_45,106,45
106_46,106,46
106_47,106,47
106_48,106,48
106_49,106,49
106_50,106,50
106_51,106,51
106_52,106,52
106_53,106,53
106_54,106,54
106_55,106,55
106_56,106,56
106_57,106,57
106_58,106,58
106_59,106,59
106_60,106,60
106_61,106,61
106_62,106,62
106_63,106,63
106_64,106,64
106_65,106,65
106_66,106,66
106_67,106,67
106_68,106,68
106_69,106,69
106_70,106,70
106_71,106,71
106_72,106,72
106_73,106,73
106_74,106,74
106_75,106,75
106_76,106,76
106_77,106,77
106_78,106,78
106_79,106,79
106_80,106,80
106_81,106,81
106_82,106,82
106_83,106,83
106_84,106,84
106_85,106,85
106_86,106,86
106_87,106,87
106_88,106,88
106_89,106,89
106_90,106,90
107_14,107,14
107_15,107,15
107_16,107,16
107_17,107,17
107_18,107,18
107_19,107,19
107_20,107,20
107_21,107,21
107_22,107,22
107_23,107,23
107_24,107,24
107_25,107,25
107_26,107,26
107_27,107,27
107_28,107,28
107_29,107,29
107_30,107,30
107_31,107,31
107_32,107,32
107_33,107,33
107_34,107,34
107_35,107,35
107_36,107,36
107_37,107,37
107_38,107,38
107_39,107,39
107_40,107,40
107_41,107,41
107_42,107,42
107_43,107,43
107_44,107,44
107_45,107,45
107_46,107,46
107_47,107,47
107_48,107,48
107_49,107,49
107_50,107,50
107_51,107,51
107_52,107,52
107_53,107,53
107_54,107,54
107_55,107,55
107_56,107,56
107_57,107,57
107_58,107,58
107_59,107,59
107_60,107,60
107_61,107,61
107_62,107,62
107_63,107,63
107_64,107,64
107_65,107,65
107_66,107,66
107_67,107,67
107_68,107,68
107_69,107,69
107_70,107,70
107_71,107,71
107_72,107,72
107_73,107,73
107_74,107,74
107_75,107,75
107_76,107,76
107_77,107,77
107_78,107,78
107_79,107,79
107_80,107,80
107_81,107,81
107_82,107,82
107_83,107,83
107_84,107,84
107_85,107,85
107_86,107,86
107_87,107,87
107_88,107,88
107_89,107,89
107_90,107,90
107_91,107,91
108_14,108,14
108_15,108,15
108_21,108,21
108_22,108,22
108_23,108,23
108_24,108,24
108_25,108,25
108_26,108,26
108_27,108,27
108_28,108,28
108_29,108,29
108_30,108,30
108_31,108,31
108_32,108,32
108_33,108,33
108_34,108,34
108_35,108,35
108_36,108,36
108_37,108,37
108_38,108,38
108_39,108,39
108_40,108,40
108_41,108,41
108_42,108,42
108_43,108,43
108_44,108,44
108_45,108,45
108_46,108,46
108_47,108,47
108_48,108,48
108_49,108,49
108_50,108,50
108_51,108,51
108_52,108,52
108_53,108,53
108_54,108,54
108_55,108,55
108_56,108,56
108_57,108,57
108_58,108,58
108_59,108,59
108_60,108,60
108_61,108,61
108_62,108,62
108_63,108,63
108_64,108,64
108_65,108,65
108_66,108,66
108_67,108,67
108_68,108,68
108_69,108,69
108_70,108,70
108_71,108,71
108_72,108,72
108_73,108,73
108_74,108,74
108_75,108,75
108_76,108,76
108_77,108,77
108_78,108,78
108_79,108,79
108_80,108,80
108_81,108,81
108_82,108,82
108_83,108,83
108_84,108,84
108_85,108,85
108_86,108,86
108_87,108,87
108_88,108,88
108_89,108,89
108_90,108,90
108_91,108,91
109_26,109,26
109_27,109,27
109_28,109,28
109_29,109,29
109_30,109,30
109_31,109,31
109_32,109,32
109_33,109,33
109_34,109,34
109_35,109,35
109_36,109,36
109_37,109,37
109_38,109,38
109_39,109,39
109_40,109,40
109_41,109,41
109_42,109,42
109_43,109,43
109_44,109,44
109_45,109,45
109_46,109,46
109_47,109,47
109_48,109,48
109_49,109,49
109_50,109,50
109_51,109,51
109_52,109,52
109_53,109,53
109_54,109,54
109_55,109,55
109_56,109,56
109_57,109,57
109_58,109,58
109_59,109,59
109_60,109,60
109_61,109,61
109_62,109,62
109_63,109,63
109_64,109,64
109_65,109,65
109_66,109,66
109_67,109,67
109_68,109,68
109_69,109,69
109_70,109,70
109_71,109,71
109_72,109,72
109_73,109,73
109_74,109,74
109_75,109,75
109_76,109,76
109_77,109,77
109_78,109,78
109_79,109,79
109_80,109,80
109_81,109,81
109_82,109,82
109_83,109,83
109_84,109,84
109_85,109,85
109_86,109,86
109_87,109,87
109_88,109,88
109_89,109,89
110_26,110,26
110_27,110,27
110_28,110,28
110_29,110,29
110_30,110,30
110_31,110,31
110_32,110,32
110_33,110,33
110_34,110,34
110_35,110,35
110_36,110,36
110_37,110,37
110_38,110,38
110_39,110,39
110_40,110,40
110_41,110,41
110_42,110,42
110_43,110,43
110_44,110,44
110_45,110,45
110_46,110,46
110_47,110,47
110_48,110,48
110_49,110,49
110_50,110,50
110_51,110,51
110_52,110,52
110_53,110,53
110_54,110,54
110_55,110,55
110_56,110,56
110_57,110,57
110_58,110,58
110_59,110,59
110_60,110,60
110_61,110,61
110_62,110,62
110_63,110,63
110_64,110,64
110_65,110,65
110_66,110,66
110_67,110,67
110_68,110,68
110_69,110,69
110_70,110,70
110_71,110,71
110_72,110,72
110_73,110,73
110_74,110,74
110_75,110,75
110_76,110,76
110_77,110,77
110_78,110,78
110_79,110,79
110_80,110,80
110_81,110,81
110_82,110,82
110_83,110,83
110_84,110,84
110_85,110,85
110_86,110,86
110_87,110,87
110_88,110,88
110_89,110,89
111_26,111,26
111_27,111,27
111_28,111,28
111_29,111,29
111_30,111,30
111_31,111,31
111_32,111,32
111_33,111,33
111_34,111,34
111_35,111,35
111_36,111,36
111_37,111,37
111_38,111,38
111_39,111,39
111_40,111,40
111_41,111,41
111_42,111,42
111_43,111,43
111_44,111,44
111_45,111,45
111_46,111,46
111_47,111,47
111_48,111,48
111_49,111,49
111_50,111,50
111_51,111,51
111_52,111,52
111_53,111,53
111_54,111,54
111_55,111,55
111_56,111,56
111_57,111,57
111_58,111,58
111_59,111,59
111_60,111,60
111_61,111,61
111_62,111,62
111_63,111,63
111_64,111,64
111_65,111,65
111_66,111,66
111_67,111,67
111_68,111,68
111_69,111,69
111_70,111,70
111_71,111,71
111_72,111,72
111_73,111,73
111_74,111,74
111_75,111,75
111_76,111,76
111_77,111,77
111_78,111,78
111_79,111,79
111_80,111,80
111_81,111,81
111_82,111,82
111_83,111,83
111_84,111,84
111_85,111,85
111_86,111,86
111_87,111,87
111_88,111,88
111_89,111,89
112_27,112,27
112_28,112,28
112_29,112,29
112_30,112,30
112_31,112,31
112_32,112,32
112_33,112,33
112_34,112,34
112_35,112,35
112_36,112,36
112_37,112,37
112_38,112,38
112_39,112,39
112_40,112,40
112_41,112,41
112_42,112,42
112_43,112,43
112_44,112,44
112_45,112,45
112_46,112,46
112_47,112,47
112_48,112,48
112_49,112,49
112_50,112,50
112_51,112,51
112_52,112,52
112_53,112,53
112_54,112,54
112_55,112,55
112_56,112,56
112_57,112,57
112_58,112,58
112_59,112,59
112_60,112,60
112_61,112,61
112_62,112,62
112_63,112,63
112_64,112,64
112_65,112,65
112_66,112,66
112_67,112,67
112_68,112,68
112_69,112,69
112_70,112,70
112_71,112,71
112_72,112,72
112_73,112,73
112_74,112,74
112_75,112,75
112_76,112,76
112_77,112,77
112_78,112,78
112_79,112,79
112_80,112,80
112_82,112,82
112_83,112,83
112_86,112,86
112_87,112,87
113_31,113,31
113_32,113,32
113_33,113,33
113_34,113,34
113_35,113,35
113_36,113,36
113_37,113,37
113_38,113,38
113_39,113,39
113_40,113,40
113_41,113,41
113_42,113,42
113_43,113,43
113_44,113,44
113_45,113,45
113_46,113,46
113_47,113,47
113_48,113,48
113_49,113,49
113_50,113,50
113_51,113,51
113_52,113,52
113_53,113,53
113_54,113,54
113_55,113,55
113_56,113,56
113_57,113,57
113_58,113,58
113_59,113,59
113_60,113,60
113_61,113,61
113_65,113,65
113_66,113,66
113_67,113,67
113_68,113,68
113_69,113,69
113_70,113,70
113_71,113,71
113_72,113,72
113_73,113,73
113_74,113,74
113_75,113,75
113_76,113,76
113_77,113,77
113_79,113,79
113_80,113,80
114_30,114,30
114_31,114,31
114_32,114,32
114_33,114,33
114_34,114,34
114_35,114,35
114_36,114,36
114_37,114,37
114_38,114,38
114_39,114,39
114_40,114,40
114_41,114,41
114_42,114,42
114_43,114,43
114_44,114,44
114_45,114,45
114_46,114,46
114_47,114,47
114_48,114,48
114_49,114,49
114_50,114,50
114_51,114,51
114_52,114,52
114_53,114,53
114_54,114,54
114_55,114,55
114_56,114,56
114_57,114,57
114_58,114,58
114_59,114,59
114_60,114,60
114_61,114,61
114_62,114,62
114_66,114,66
114_67,114,67
114_68,114,68
114_69,114,69
114_70,114,70
114_71,114,71
114_72,114,72
114_73,114,73
114_74,114,74
114_75,114,75
114_76,114,76
114_77,114,77
115_36,115,36
115_37,115,37
115_38,115,38
115_39,115,39
115_40,115,40
115_41,115,41
115_42,115,42
115_43,115,43
115_44,115,44
115_45,115,45
115_46,115,46
115_47,115,47
115_48,115,48
115_49,115,49
115_50,115,50
115_51,115,51
115_52,115,52
115_53,115,53
115_54,115,54
115_55,115,55
115_56,115,56
115_57,115,57
115_58,115,58
115_59,115,59
115_60,115,60
115_61,115,61
115_69,115,69
115_70,115,70
115_71,115,71
115_72,115,72
115_73,115,73
115_74,115,74
115_75,115,75
115_76,115,76
116_37,116,37
116_38,116,38
116_39,116,39
116_40,116,40
116_41,116,41
116_42,116,42
116_43,116,43
116_44,116,44
116_45,116,45
116_48,116,48
116_49,116,49
116_50,116,50
116_51,116,51
116_52,116,52
116_53,116,53
116_54,116,54
116_55,116,55
116_56,116,56
116_57,116,57
116_58,116,58
116_59,116,59
116_60,116,60
116_61,116,61
116_62,116,62
116_69,116,69
116_70,116,70
116_71,116,71
116_72,116,72
116_73,116,73
116_74,116,74
116_75,116,75
116_76,116,76
117_38,117,38
117_39,117,39
117_40,117,40
117_41,117,41
117_42,117,42
117_43,117,43
117_49,117,49
117_50,117,50
117_51,117,51
117_52,117,52
117_53,117,53
117_54,117,54
117_55,117,55
117_56,117,56
117_57,117,57
117_58,117,58
117_59,117,59
117_60,117,60
117_61,117,61
117_62,117,62
117_63,117,63
117_64,117,64
117_68,117,68
117_69,117,69
117_70,117,70
117_71,117,71
117_72,117,72
117_73,117,73
117_74,117,74
117_75,117,75
118_38,118,38
118_39,118,39
118_40,118,40
118_41,118,41
118_42,118,42
118_54,118,54
118_55,118,55
118_56,118,56
118_57,118,57
118_58,118,58
118_59,118,59
118_60,118,60
118_61,118,61
118_62,118,62
118_63,118,63
118_64,118,64
118_65,118,65
118_69,118,69
118_70,118,70
118_71,118,71
118_72,118,72
118_73,118,73
118_74,118,74
118_75,118,75
119_56,119,56
119_57,119,57
119_58,119,58
119_59,119,59
119_60,119,60
119_61,119,61
119_62,119,62
119_63,119,63
119_64,119,64
119_65,119,65
119_70,119,70
119_71,119,71
119_72,119,72
120_59,120,59
120_60,120,60
120_61,120,61
120_62,120,62
120_63,120,63
120_64,120,64
120_65,120,65
120_71,120,71
121_59,121,59
121_60,121,60
121_61,121,61
121_62,121,62
121_63,121,63
121_64,121,64
121_65,121,65
122_59,122,59
122_60,122,60
122_61,122,61
122_62,122,62
122_63,122,63
123_59,123,59
123_60,123,60
123_61,123,61
